modelTime,normalizedTime,aircraftType,x,y,z,pitch,heading,bank,altitudeAboveSeaLevel,trueAirSpeed,indicatedAirSpeed,trueAirSpeedKPH,indicatedAirSpeedKPH,verticalVelocity,angleOfAttack,accelerationUnits.y,accelerationUnits.x,accelerationUnits.z,machNumber,fuel_internal,Temperature_Left,Temperature_Right,RPM_Left,RPM_Right,Fuel_Consuption_Left,Fuel_Consuption_Right,fuel_external,hydraulicPressure_Left,hydraulicPressure_Right,Fuel_Consuption_Left,Fuel_Consuption_Right,
0.2,2025-08-27T00:00:00.200000000Z01:00,JF-17 2x SD-10,19273.888697657,10666.181060563,371640.23526403,0.00022973729937803,1.5730638504028,-6.0535967350006e-09,10666.19140625,138.8565826416,77.34243027635,499.88369750977,278.43274899486,-1.6863960027695,0.70903015136719,0.073658242821693,-0.020981233566999,-5.8750757148118e-08,0.46790316025925,0.99999934434891,0.71365278843055,0,71.365280151367,0,0.71365278843055,0,0,0,0,0.71365278843055,0,
0.2,2025-08-27T00:00:00.200000000Z01:00,JF-17 2x SD-10,19273.825738968,10665.656981689,371668.00063632,0.00303118606098,1.5730638504028,1.324812473058e-07,10665.6640625,138.85653686523,77.345000984406,499.88353271484,278.44200354386,-3.4613468647003,1.6020629405975,0.13884204626083,-0.011726898141205,1.6064557684103e-08,0.46789957393576,0.99999779462814,0.72977381509063,0,72.977378845215,0,0.72977381509063,0,0,0,0,0.72977381509063,0,
0.4,2025-08-27T00:00:00.400000000Z01:00,JF-17 2x SD-10,19273.762790947,10664.796118069,371695.76130424,0.0088996635749936,1.5730638504028,6.9153435333646e-07,10664.81640625,138.89239501953,77.369181859894,500.01262207031,278.52905469562,-5.077431678772,2.6049177646637,0.19723005592823,-0.00068151380401105,7.3832360669712e-08,0.46801492643128,0.999995470047,0.74441600710529,0,74.441596984863,0,0.74441600710529,0,0,0,0,0.74441600710529,0,
0.6,2025-08-27T00:00:00.600000000Z01:00,JF-17 2x SD-10,19273.699844823,10663.621885371,371723.52110637,0.017647378146648,1.5730633735657,1.9057827103097e-06,10663.661132812,138.96032714844,77.412730208435,500.25717773438,278.68582875037,-6.5621237754822,3.7178053855896,0.27315455675125,0.013169139623642,-1.0205922080786e-06,0.46823637313269,0.9999920129776,0.75890674607722,0,75.890670776367,0,0.75890674607722,0,0,0,0,0.75890674607722,0,
0.8,2025-08-27T00:00:00.800000000Z01:00,JF-17 2x SD-10,19273.636890723,10662.163561119,371751.28445033,0.024019636213779,1.5730633735657,3.5195521377318e-06,10662.1796875,139.06028747559,77.475741077908,500.61703491211,278.91266788047,-7.9403138160706,4.6495819091797,0.34071534872055,0.02730386517942,7.2057537181536e-07,0.46856354148071,0.99998742341995,0.77389689923134,0,77.389686584473,0,0.77389689923134,0,0,0,0,0.77389689923134,0,
1,2025-08-27T00:00:01.000000000Z01:00,JF-17 2x SD-10,19273.573918463,10660.447110178,371779.05561091,0.025019034743309,1.5730638504028,4.1168027564709e-06,10660.483398438,139.18405151367,77.553114141587,501.06258544922,279.19121090971,-9.173638343811,5.2125954627991,0.38197186589241,0.039898235350847,1.5635127965652e-06,0.46896971174992,0.99998164176941,0.7885355439469,0,78.853553771973,0,0.7885355439469,0,0,0,0,0.7885355439469,0,
1.2,2025-08-27T00:00:01.200000000Z01:00,JF-17 2x SD-10,19273.510918157,10658.489135189,371806.83886554,0.025567453354597,1.5730638504028,3.5457724152366e-06,10658.55078125,139.33627319336,77.647501760274,501.61058349609,279.53100633699,-10.335904121399,5.7189908027649,0.41880744695663,0.053267482668161,2.0482976026415e-07,0.46946997415476,0.99997460842133,0.80325436584374,0,80.325439453125,0,0.80325436584374,0,0,0,0,0.80325436584374,0,
1.4,2025-08-27T00:00:01.400000000Z01:00,JF-17 2x SD-10,19273.447879527,10656.304834772,371834.63884223,0.030848721042275,1.5730638504028,1.8011033944276e-06,10656.328125,139.51969909668,77.760742942709,502.27091674805,279.93867459375,-11.44170665741,6.4714856147766,0.47338390350342,0.068432204425335,1.0895364255248e-07,0.47007352803038,0.99996584653854,0.81848657268085,0,81.848655700684,0,0.81848657268085,0,0,0,0,0.81848657268085,0,
1.6,2025-08-27T00:00:01.600000000Z01:00,JF-17 2x SD-10,19273.384792941,10653.915930562,371862.45984973,0.040533032268286,1.5730633735657,-2.2556532996987e-07,10653.965820312,139.71461486816,77.881103038396,502.97261352539,280.37197093823,-12.392095565796,7.410952091217,0.54214328527451,0.08586523681879,-1.4821795275566e-06,0.47071475126878,0.99995601177216,0.8333187206601,0,83.331871032715,0,0.8333187206601,0,0,0,0,0.8333187206601,0,
1.8,2025-08-27T00:00:01.800000000Z01:00,JF-17 2x SD-10,19273.321649452,10651.349845368,371890.30597283,0.052327621728182,1.5730633735657,-2.1487082904059e-06,10651.428710938,139.92213439941,78.009411113954,503.71968383789,280.83388001024,-13.19939994812,8.4111337661743,0.61442828178406,0.1057028695941,3.8078039210632e-07,0.47139735509872,0.99994444847107,0.84818114528755,0,84.818115234375,0,0.84818114528755,0,0,0,0,0.84818114528755,0,
2,2025-08-27T00:00:02.000000000Z01:00,JF-17 2x SD-10,19273.258440719,10648.635356547,371918.18101166,0.064005628228188,1.5730633735657,-3.5574862522481e-06,10648.663085938,140.14315795898,78.146404810631,504.51536865234,281.32705731827,-13.889671325684,9.3552083969116,0.68022334575653,0.12522280216217,1.5456130313396e-06,0.47212379372134,0.99993079900742,0.86350853604856,0,86.350852966309,0,0.86350853604856,0,0,0,0,0.86350853604856,0,
2.2,2025-08-27T00:00:02.200000000Z01:00,JF-17 2x SD-10,19273.195160074,10645.79852473,371946.0881356,0.073320329189301,1.5730628967285,-3.6045896649739e-06,10645.856445312,140.36407470703,78.283595345686,505.31066894531,281.82094324447,-14.440329551697,10.105849266052,0.73372197151184,0.14312137663364,5.7495704197663e-08,0.47284954797054,0.99991589784622,0.87838341061028,0,87.838340759277,0,0.87838341061028,0,0,0,0,0.87838341061028,0,
2.4,2025-08-27T00:00:02.400000000Z01:00,JF-17 2x SD-10,19273.131801909,10642.861169351,371974.03003144,0.08036296069622,1.5730624198914,-2.044331495199e-06,10642.950195312,140.58583068848,78.421792728034,506.10899047852,282.31845382092,-14.892786026001,10.685424804688,0.77824985980988,0.15506629645824,-1.616072268007e-06,0.47357744296317,0.9998990893364,0.89323007024044,0,89.32300567627,0,0.89323007024044,0,0,0,0,0.89323007024044,0,
2.6,2025-08-27T00:00:02.600000000Z01:00,JF-17 2x SD-10,19273.068362701,10639.841222197,372002.0082142,0.08586660772562,1.5730619430542,4.0755818986327e-07,10639.872070312,140.81454467773,78.56476997806,506.93236083984,282.83317192102,-15.276038169861,11.147691726685,0.81480723619461,0.16730256378651,-1.2656519174925e-06,0.47432752006227,0.99987989664078,0.90842124305599,0,90.842124938965,0,0.90842124305599,0,0,0,0,0.90842124305599,0,
2.8,2025-08-27T00:00:02.800000000Z01:00,JF-17 2x SD-10,19273.004837803,10636.753375499,372030.02444058,0.090238437056541,1.573061466217,2.2443057332566e-06,10636.815429688,141.04008483887,78.705912035505,507.74430541992,283.34128332782,-15.58127117157,11.51292514801,0.84483957290649,0.17912642657757,-1.0110045423062e-06,0.47506696369445,0.99985927343369,0.92296675751057,0,92.296676635742,0,0.92296675751057,0,0,0,0,0.92296675751057,0,
3,2025-08-27T00:00:03.000000000Z01:00,JF-17 2x SD-10,19272.941221794,10633.610004628,372058.08087308,0.094175219535828,1.573061466217,2.7091148240288e-06,10633.705078125,141.27124023438,78.850514540252,508.57646484375,283.86185234491,-15.829273223877,11.829275131226,0.87135398387909,0.19351033866405,-2.6600553155731e-06,0.47582486098659,0.99983662366867,0.93728638312276,0,93.728637695312,0,0.93728638312276,0,0,0,0,0.93728638312276,0,
3.2,2025-08-27T00:00:03.200000000Z01:00,JF-17 2x SD-10,19272.877506294,10630.422248799,372086.18123984,0.098012790083885,1.573061466217,1.4224372080207e-06,10630.454101562,141.53065490723,79.011650318159,509.51035766602,284.44194114537,-16.028980255127,12.118675231934,0.89707261323929,0.21617244184017,-1.8495971971788e-06,0.47667692629994,0.99980509281158,0.95199491884982,0,95.199493408203,0,0.95199491884982,0,0,0,0,0.95199491884982,0,
3.4,2025-08-27T00:00:03.400000000Z01:00,JF-17 2x SD-10,19272.813677464,10627.201015192,372114.33171269,0.10152263939381,1.5730605125427,-1.7037798443198e-06,10627.265625,141.80885314941,79.183017650867,510.51187133789,285.05886354312,-16.169040679932,12.363920211792,0.92103308439255,0.23912106454372,-6.3086599766393e-07,0.4775925430555,0.9997633099556,0.9659041743593,0,96.59041595459,0,0.9659041743593,0,0,0,0,0.9659041743593,0,
3.6,2025-08-27T00:00:03.600000000Z01:00,JF-17 2x SD-10,19272.749720947,10623.956745085,372142.53911973,0.10473248362541,1.5730600357056,-6.2854783209332e-06,10624.0546875,142.11587524414,79.370645641676,511.61715087891,285.73432431003,-16.259948730469,12.570516586304,0.9422898888588,0.26274538040161,-2.0055183540535e-06,0.47860498939861,0.9997091293335,0.97928701422584,0,97.928703308105,0,0.97928701422584,0,0,0,0,0.97928701422584,0,
3.8,2025-08-27T00:00:03.800000000Z01:00,JF-17 2x SD-10,19272.68562222,10620.698912671,372170.81075484,0.10765069723129,1.5730595588684,-1.1327122592775e-05,10620.731445312,142.46455383301,79.582179699881,512.87239379883,286.49584691957,-16.307693481445,12.740896224976,0.96120309829712,0.28725785017014,-3.3727217214619e-06,0.47975682362038,0.9996389746666,0.99243566641159,0,99.24356842041,0,0.99243566641159,0,0,0,0,0.99243566641159,0,
4,2025-08-27T00:00:04.000000000Z01:00,JF-17 2x SD-10,19272.621366621,10617.43592321,372199.15404135,0.11009594798088,1.5730595588684,-1.5205564523058e-05,10617.500976562,142.83598327637,79.806046293556,514.20953979492,287.3017666568,-16.314912796021,12.866746902466,0.97690296173096,0.31084793806076,-1.9982921912742e-06,0.48098579482577,0.99955570697784,1.0044311985199,0,100.44312286377,0,1.0044311985199,0,0,0,0,1.0044311985199,0,
4.2,2025-08-27T00:00:04.200000000Z01:00,JF-17 2x SD-10,19272.55693966,10614.17505125,372227.57594607,0.11221548169851,1.5730595588684,-1.7754642612999e-05,10614.272460938,143.2314453125,80.043393974482,515.633203125,288.15621830814,-16.289216995239,12.959651947021,0.99044471979141,0.32374903559685,-1.2226618082423e-06,0.48229552466307,0.99946087598801,1.0151955934035,0,101.51956176758,0,1.0151955934035,0,0,0,0,1.0151955934035,0,
4.4,2025-08-27T00:00:04.400000000Z01:00,JF-17 2x SD-10,19272.49233243,10610.922411127,372256.08069641,0.11416637152433,1.5730590820312,-1.9134720787406e-05,10610.955078125,143.65208435059,80.295377549499,517.14750366211,289.0633591782,-16.233825683594,13.029991149902,1.0026930570602,0.33454546332359,5.2504844916257e-07,0.48368927435822,0.99935609102249,1.0244338114313,0,102.44338226318,0,1.0244338114313,0,0,0,0,1.0244338114313,0,
4.6,2025-08-27T00:00:04.600000000Z01:00,JF-17 2x SD-10,19272.427539257,10607.683281732,372284.67085099,0.11592888087034,1.5730595588684,-1.9873710698448e-05,10607.748046875,144.06782531738,80.544146381926,518.64417114258,289.95892697493,-16.155229568481,13.08071231842,1.0134756565094,0.34095892310143,9.8252917268837e-07,0.48506714927624,0.99924910068512,1.0289503311161,0,102.89503479004,0,1.0289503311161,0,0,0,0,1.0289503311161,0,
4.8,2025-08-27T00:00:04.800000000Z01:00,JF-17 2x SD-10,19272.362557151,10604.462342787,372313.34777624,0.11762551218271,1.5730595588684,-2.0065226635779e-05,10604.55859375,144.48481750488,80.793626888819,520.14534301758,290.85705679975,-16.055004119873,13.119268417358,1.0233056545258,0.3447063267231,8.3565095110316e-07,0.48644923149355,0.99913907051086,1.0299032834812,0,102.99032592773,0,1.0299032834812,0,0,0,0,1.0299032834812,0,
5,2025-08-27T00:00:05.000000000Z01:00,JF-17 2x SD-10,19272.297385258,10601.263813674,372342.11189627,0.11933471262455,1.5730595588684,-1.9476497982396e-05,10601.295898438,144.91287231445,81.049736302652,521.68634033203,291.77905068955,-15.931091308594,13.148982048035,1.0326721668243,0.3477184176445,1.1790049256888e-06,0.48786784193976,0.99902355670929,1.0300665543815,0,103.00666046143,0,1.0300665543815,0,0,0,0,1.0300665543815,0,
5.2,2025-08-27T00:00:05.200000000Z01:00,JF-17 2x SD-10,19272.232023591,10598.091491493,372370.96306224,0.12095963209867,1.5730586051941,-1.8358257875661e-05,10598.154296875,145.32582092285,81.296897965991,523.17295532227,292.66883267757,-15.792727470398,13.169195175171,1.0409017801285,0.34954541921616,1.3911029554947e-06,0.48923643140126,0.99890995025635,1.029908666338,0,102.99086761475,0,1.029908666338,0,0,0,0,1.029908666338,0,
5.4,2025-08-27T00:00:05.400000000Z01:00,JF-17 2x SD-10,19272.166472662,10594.948843303,372399.90100638,0.12254508584738,1.5730586051941,-1.686419818725e-05,10595.04296875,145.73497009277,81.541856995006,524.64589233398,293.55068518202,-15.638220787048,13.181350708008,1.0483866930008,0.3504399061203,5.1592417094071e-07,0.49059213718979,0.99879544973373,1.0286543237571,0,102.86543273926,0,1.0286543237571,0,0,0,0,1.0286543237571,0,
5.6,2025-08-27T00:00:05.600000000Z01:00,JF-17 2x SD-10,19272.100733314,10591.839004116,372428.92519061,0.12404410541058,1.5730586051941,-1.4990263480286e-05,10591.870117188,146.15159606934,81.791395855307,526.14574584961,294.44902507911,-15.464086532593,13.180955886841,1.0549969673157,0.35089719295502,1.2740641750497e-06,0.49197248956587,0.99867713451385,1.0266557781199,0,102.66558074951,0,1.0266557781199,0,0,0,0,1.0266557781199,0,
5.8,2025-08-27T00:00:05.800000000Z01:00,JF-17 2x SD-10,19272.034806738,10588.764531114,372458.03476404,0.12510846555233,1.5730586051941,-1.287464692723e-05,10588.825195312,146.55166625977,82.031114483374,527.58599853516,295.31201214015,-15.284258842468,13.154601097107,1.0588235855103,0.35111978650093,-7.8534401382058e-07,0.49329795238219,0.99856215715408,1.0246834380497,0,102.46834564209,0,1.0246834380497,0,0,0,0,1.0246834380497,0,
6,2025-08-27T00:00:06.000000000Z01:00,JF-17 2x SD-10,19271.968693827,10585.726993303,372487.22911681,0.12565292418003,1.5730586051941,-1.005560534395e-05,10585.817382812,146.94859313965,82.26896150969,529.01493530273,296.16826143488,-15.099822998047,13.097267150879,1.0596182346344,0.35119080543518,-8.3976573250766e-07,0.49461294177007,0.99844747781754,1.0228215303127,0,102.28215789795,0,1.0228215303127,0,0,0,0,1.0228215303127,0,
6.2,2025-08-27T00:00:06.200000000Z01:00,JF-17 2x SD-10,19271.902394244,10582.726750392,372516.50795544,0.12580688297749,1.5730590820312,-6.3834436332399e-06,10582.756835938,147.35729980469,82.513752793794,530.48627929688,297.04951005766,-14.910624504089,13.015723228455,1.0581915378571,0.35041934251785,-4.4671319421319e-10,0.49596690436489,0.99832916259766,1.0210412521786,0,102.10412597656,0,1.0210412521786,0,0,0,0,1.0210412521786,0,
6.4,2025-08-27T00:00:06.400000000Z01:00,JF-17 2x SD-10,19271.835907234,10579.763251096,372545.87095687,0.12589590251446,1.5730595588684,-2.4107157514663e-06,10579.822265625,147.7530670166,82.750738064324,531.91104125977,297.90265703157,-14.730155944824,12.93487739563,1.0569316148758,0.34929284453392,-1.6411111118941e-06,0.49727824691303,0.99821454286575,1.0194437759429,0,101.94437408447,0,1.0194437759429,0,0,0,0,1.0194437759429,0,
6.6,2025-08-27T00:00:06.600000000Z01:00,JF-17 2x SD-10,19271.769232142,10576.836001947,372575.31773313,0.12625075876713,1.5730595588684,1.6823197483973e-06,10576.922851562,148.14685058594,82.986496081063,533.32866210938,298.75138589183,-14.551104545593,12.870362281799,1.057021856308,0.34828037023544,-1.1801528216893e-06,0.49858298411559,0.99810039997101,1.0179664720467,0,101.79665374756,0,1.0179664720467,0,0,0,0,1.0179664720467,0,
6.8,2025-08-27T00:00:06.800000000Z01:00,JF-17 2x SD-10,19271.702368154,10573.945096791,372604.84781251,0.12701998651028,1.5730605125427,5.3253638725437e-06,10573.973632812,148.55020141602,83.227971558211,534.78072509766,299.62069760956,-14.364266395569,12.82667350769,1.0591213703156,0.34837305545807,-7.6239211921347e-07,0.49991951376853,0.99798291921616,1.0165608927824,0,101.65608978271,0,1.0165608927824,0,0,0,0,1.0165608927824,0,
7,2025-08-27T00:00:07.000000000Z01:00,JF-17 2x SD-10,19271.635314862,10571.091355728,372634.46064217,0.12801186740398,1.5730609893799,7.669799742871e-06,10571.1484375,148.93865966797,83.460516410461,536.17917480469,300.45785907766,-14.177219390869,12.796698570251,1.0623081922531,0.34793883562088,4.6326508140737e-07,0.50120656468495,0.99786865711212,1.0153012231523,0,101.53012084961,0,1.0153012231523,0,0,0,0,1.0153012231523,0,
7.2,2025-08-27T00:00:07.200000000Z01:00,JF-17 2x SD-10,19271.568072432,10568.276085151,372664.15555904,0.12895381450653,1.573061466217,8.2342048699502e-06,10568.360351562,149.32322692871,83.690756396796,537.56361694336,301.28672302847,-13.983773231506,12.762001037598,1.0651384592056,0.34751954674721,-1.1830272796942e-06,0.50248074332867,0.99775487184525,1.0141367705663,0,101.41368103027,0,1.0141367705663,0,0,0,0,1.0141367705663,0,
7.4,2025-08-27T00:00:07.400000000Z01:00,JF-17 2x SD-10,19271.500642175,10565.500412836,372693.93192059,0.12962307035923,1.5730609893799,7.1980425673246e-06,10565.528320312,149.71604919434,83.925943564449,538.97777709961,302.13339683202,-13.780417442322,12.708045005798,1.0661669969559,0.34684252738953,-9.146006618721e-07,0.50378225493553,0.99763768911362,1.0130290764487,0,101.30290985107,0,1.0130290764487,0,0,0,0,1.0130290764487,0,
7.6,2025-08-27T00:00:07.600000000Z01:00,JF-17 2x SD-10,19271.433026318,10562.764676677,372723.78904654,0.12994681298733,1.5730609893799,5.1169877224311e-06,10562.819335938,150.09516906738,84.152885131775,540.34260864258,302.95038647439,-13.58300113678,12.637541770935,1.0653518438339,0.34598398208618,-1.0002892167904e-06,0.5050384487441,0.99752426147461,1.0120365236983,0,101.20365905762,0,1.0120365236983,0,0,0,0,1.0120365236983,0,
7.8,2025-08-27T00:00:07.800000000Z01:00,JF-17 2x SD-10,19271.365226754,10560.068569038,372753.72652969,0.13012729585171,1.5730605125427,2.4195433070417e-06,10560.1484375,150.47302246094,84.378974807588,541.70288085938,303.76430930732,-13.388254165649,12.560355186462,1.0638899803162,0.34513327479362,-7.8375620660154e-07,0.50629054841287,0.99741095304489,1.0111191260192,0,101.11191558838,0,1.0111191260192,0,0,0,0,1.0111191260192,0,
8,2025-08-27T00:00:08.000000000Z01:00,JF-17 2x SD-10,19271.297245025,10557.41153309,372783.74407236,0.13043062388897,1.5730605125427,-1.2098197430532e-06,10557.4375,150.86117553711,84.611123439715,543.10023193359,304.60004438297,-13.190218925476,12.489061355591,1.0629296302795,0.34437754750252,-2.809520935898e-07,0.50757691762345,0.99729442596436,1.0102465638771,0,101.02465057373,0,1.0102465638771,0,0,0,0,1.0102465638771,0,
8.2,2025-08-27T00:00:08.200000000Z01:00,JF-17 2x SD-10,19271.229083648,10554.79320179,372813.84120151,0.13099840283394,1.5730595588684,-5.0049693527399e-06,10554.844726562,151.23623657227,84.835368408109,544.45045166016,305.40732626919,-12.998382568359,12.436169624329,1.0634782314301,0.3438923060894,-1.1082730679846e-06,0.50881995696816,0.99718141555786,1.0094648056873,0,100.94648742676,0,1.0094648056873,0,0,0,0,1.0094648056873,0,
8.4,2025-08-27T00:00:08.400000000Z01:00,JF-17 2x SD-10,19271.160745565,10552.213837492,372844.01748614,0.13179861009121,1.5730595588684,-7.8013626989559e-06,10552.291015625,151.60888671875,85.058111898812,545.7919921875,306.20920283572,-12.804001808167,12.396141052246,1.0652220249176,0.34360149502754,-1.3583429847586e-07,0.51005510390007,0.99706852436066,1.008742334859,0,100.87423706055,0,1.008742334859,0,0,0,0,1.008742334859,0,
8.6,2025-08-27T00:00:08.600000000Z01:00,JF-17 2x SD-10,19271.092232852,10549.674184631,372874.27244179,0.13266687095165,1.5730595588684,-9.4859897217248e-06,10549.69921875,151.98999023438,85.285884132709,547.16396484375,307.02918287775,-12.599555969238,12.356372833252,1.0672438144684,0.34338155388832,-8.1711306165744e-07,0.511318283773,0.99695241451263,1.0080552636142,0,100.805519104,0,1.0080552636142,0,0,0,0,1.0080552636142,0,
8.8,2025-08-27T00:00:08.800000000Z01:00,JF-17 2x SD-10,19271.023547619,10547.174973644,372904.60543455,0.13334706425667,1.5730595588684,-9.7800284493132e-06,10547.224609375,152.35737609863,85.505399675866,548.48655395508,307.81943883312,-12.397994041443,12.307795524597,1.0680762529373,0.34302979707718,3.0172822107488e-07,0.51253606007559,0.99683970212936,1.0074397751325,0,100.74397277832,0,1.0074397751325,0,0,0,0,1.0074397751325,0,
9,2025-08-27T00:00:09.000000000Z01:00,JF-17 2x SD-10,19270.954690605,10544.716569584,372935.0160307,0.13378919661045,1.5730590820312,-9.6077010312001e-06,10544.790039062,152.7230682373,85.723801781001,549.8030456543,308.60568641161,-12.19610786438,12.245941162109,1.0675331354141,0.34253531694412,1.780652155503e-06,0.51374836937474,0.99672716856003,1.0068710393103,0,100.68709564209,0,1.0068710393103,0,0,0,0,1.0068710393103,0,
9.2,2025-08-27T00:00:09.200000000Z01:00,JF-17 2x SD-10,19270.885662365,10542.298794167,372965.50392817,0.13408653438091,1.5730590820312,-8.9089062385028e-06,10542.323242188,153.09878540039,85.948077082783,551.15562744141,309.41307749802,-11.990237236023,12.174426078796,1.0661026239395,0.34195804595947,-1.5455681250387e-06,0.5149942106501,0.99661135673523,1.0063302419858,0,100.63302612305,0,1.0063302419858,0,0,0,0,1.0063302419858,0,
9.4,2025-08-27T00:00:09.400000000Z01:00,JF-17 2x SD-10,19270.816463974,10539.921075744,372996.06875316,0.13439971208572,1.5730590820312,-7.1725362431607e-06,10539.967773438,153.4627532959,86.165189363027,552.46591186523,310.1946817069,-11.793044090271,12.107850074768,1.0650092363358,0.34149965643883,3.9717718891552e-07,0.5162009663425,0.99649888277054,1.005845850772,0,100.58458709717,0,1.005845850772,0,0,0,0,1.005845850772,0,
9.6,2025-08-27T00:00:09.600000000Z01:00,JF-17 2x SD-10,19270.747094919,10537.583019449,373026.71026867,0.13487380743027,1.5730590820312,-5.4737333812227e-06,10537.65234375,153.82569885254,86.381594481863,553.77251586914,310.97374013471,-11.597157478333,12.051420211792,1.0647332668304,0.34115061163902,5.0473613555369e-07,0.51740472901711,0.99638640880585,1.0053983101735,0,100.53982543945,0,1.0053983101735,0,0,0,0,1.0053983101735,0,
9.8,2025-08-27T00:00:09.800000000Z01:00,JF-17 2x SD-10,19270.677555107,10535.284586998,373057.42819956,0.13553966581821,1.5730586051941,-4.1883868107107e-06,10535.307617188,154.19805908203,86.603509379208,555.11301269531,311.77263376515,-11.394674301147,12.003662109375,1.0654356479645,0.34093505144119,-1.2285421568947e-08,0.51863968850144,0.99627065658569,1.0049728080772,0,100.49728393555,0,1.0049728080772,0,0,0,0,1.0049728080772,0,
10,2025-08-27T00:00:10.000000000Z01:00,JF-17 2x SD-10,19270.607845366,10533.026050572,373088.2220546,0.13624607026577,1.5730586051941,-3.3465209980932e-06,10533.071289062,154.5574798584,86.817619134191,556.40692749023,312.54342888309,-11.195846557617,11.96035861969,1.066779255867,0.34071773290634,-9.9694796062977e-07,0.51983195078952,0.99615830183029,1.0045917346905,0,100.45916748047,0,1.0045917346905,0,0,0,0,1.0045917346905,0,
10.2,2025-08-27T00:00:10.200000000Z01:00,JF-17 2x SD-10,19270.537966681,10530.807965898,373119.09141865,0.13686978816986,1.5730586051941,-2.4969442620204e-06,10530.874023438,154.91482543945,87.030421992507,557.69337158203,313.30951917302,-10.994423866272,11.911807060242,1.0677684545517,0.34047201275826,-1.8453896473147e-06,0.52101751074015,0.99604594707489,1.0042396960374,0,100.4239654541,0,1.0042396960374,0,0,0,0,1.0042396960374,0,
10.4,2025-08-27T00:00:10.400000000Z01:00,JF-17 2x SD-10,19270.467919882,10528.63075075,373150.03593012,0.13735166192055,1.5730581283569,-1.0605197076075e-06,10528.65234375,155.28129577637,87.248510331464,559.01266479492,314.09463719327,-10.785837173462,11.852642059326,1.0677704811096,0.34007528424263,-2.0182540083624e-06,0.52223342050851,0.99593025445938,1.003905035917,0,100.39050292969,0,1.003905035917,0,0,0,0,1.003905035917,0,
10.6,2025-08-27T00:00:10.600000000Z01:00,JF-17 2x SD-10,19270.397705354,10526.494370785,373181.05514476,0.13770358264446,1.5730586051941,1.6547922143673e-07,10526.537109375,155.63577270508,87.459333265209,560.28878173828,314.85359975475,-10.584052085876,11.789258003235,1.067146897316,0.3396267592907,4.9531990953255e-07,0.52340962370024,0.99581789970398,1.003605357656,0,100.36053466797,0,1.003605357656,0,0,0,0,1.003605357656,0,
10.8,2025-08-27T00:00:10.800000000Z01:00,JF-17 2x SD-10,19270.327322604,10524.398614043,373212.14879413,0.13805103302002,1.5730586051941,-2.933636835678e-07,10524.4609375,155.98927307129,87.66947505127,561.56138305664,315.61011018457,-10.38357925415,11.726512908936,1.0665014982224,0.33920374512672,-5.0725471822943e-08,0.52458290525207,0.99570554494858,1.0033285470503,0,100.33285522461,0,1.0033285470503,0,0,0,0,1.0033285470503,0,
11,2025-08-27T00:00:11.000000000Z01:00,JF-17 2x SD-10,19270.256772358,10522.34329457,373243.3166468,0.13850364089012,1.5730581283569,-2.3621025775356e-06,10522.36328125,156.35238647461,87.885173339251,562.86859130859,316.3866240213,-10.177647590637,11.667940139771,1.0664420127869,0.33889654278755,-8.6219051809167e-07,0.52578821924035,0.99558985233307,1.0030654342367,0,100.30654907227,0,1.0030654342367,0,0,0,0,1.0030654342367,0,
11.2,2025-08-27T00:00:11.200000000Z01:00,JF-17 2x SD-10,19270.186056508,10520.328352513,373274.5583033,0.13905148208141,1.5730581283569,-5.0932030717377e-06,10520.368164062,156.70346069336,88.093596500736,564.13245849609,317.13694740265,-9.9773750305176,11.617579460144,1.0668246746063,0.33865621685982,-7.4774544600587e-07,0.52695378362531,0.99547743797302,1.0028298537122,0,100.28298950195,0,1.0028298537122,0,0,0,0,1.0028298537122,0,
11.4,2025-08-27T00:00:11.400000000Z01:00,JF-17 2x SD-10,19270.115176871,10518.353978384,373305.87344555,0.13964328169823,1.5730576515198,-7.8247721830849e-06,10518.413085938,157.05299377441,88.300988137432,565.39077758789,317.88355729476,-9.7759475708008,11.569721221924,1.0673993825912,0.33845555782318,-1.6484403886352e-06,0.52811431950873,0.99536508321762,1.0026122762491,0,100.26122283936,0,1.0026122762491,0,0,0,0,1.0026122762491,0,
11.6,2025-08-27T00:00:11.600000000Z01:00,JF-17 2x SD-10,19270.044135339,10516.420446364,373337.26176524,0.14020726084709,1.5730576515198,-9.5785835583229e-06,10516.439453125,157.4115447998,88.513559905657,566.6815612793,318.64881566036,-9.5673189163208,11.517811775208,1.0678144693375,0.3382620215416,-4.3489424683685e-07,0.52930508600158,0.99524927139282,1.0024054911203,0,100.24055480957,0,1.0024054911203,0,0,0,0,1.0024054911203,0,
11.8,2025-08-27T00:00:11.800000000Z01:00,JF-17 2x SD-10,19269.972933535,10514.527863334,373368.72284185,0.1406606733799,1.5730576515198,-9.9479175332817e-06,10514.565429688,157.75831604004,88.71904445454,567.92993774414,319.38856003635,-9.3644504547119,11.462310791016,1.0675665140152,0.33798497915268,3.6112422208134e-07,0.53045680079107,0.99513679742813,1.0022203671429,0,100.22203826904,0,1.0022203671429,0,0,0,0,1.0022203671429,0,
12,2025-08-27T00:00:12.000000000Z01:00,JF-17 2x SD-10,19269.901572057,10512.676187137,373400.25641817,0.14104114472866,1.5730576515198,-9.361479897052e-06,10512.731445312,158.10412597656,88.923793985102,569.17485351563,320.12565834637,-9.1624317169189,11.403322219849,1.0669209957123,0.33767619729042,3.1479996209782e-07,0.5316056301443,0.99502438306808,1.0020494112078,0,100.2049407959,0,1.0020494112078,0,0,0,0,1.0020494112078,0,
12.2,2025-08-27T00:00:12.200000000Z01:00,JF-17 2x SD-10,19269.830050874,10510.865211866,373431.86229325,0.14142386615276,1.5730576515198,-8.5642641352024e-06,10510.8828125,158.45959472656,89.134096772609,570.45454101563,320.88274838139,-8.9556398391724,11.342894554138,1.0662194490433,0.33737277984619,1.2405045026753e-06,0.53278670697416,0.994908452034,1.0018869550387,0,100.18869781494,0,1.0018869550387,0,0,0,0,1.0018869550387,0,
12.4,2025-08-27T00:00:12.400000000Z01:00,JF-17 2x SD-10,19269.758370094,10509.094645024,373463.5401375,0.14184387028217,1.5730576515198,-8.271255865111e-06,10509.129882812,158.80374145508,89.337547562925,571.69346923828,321.61517122653,-8.7558975219727,11.287751197815,1.0659282207489,0.33716654777527,1.519542593087e-06,0.53393048343242,0.99479585886002,1.0017415341962,0,100.17415618896,0,1.0017415341962,0,0,0,0,1.0017415341962,0,
12.6,2025-08-27T00:00:12.600000000Z01:00,JF-17 2x SD-10,19269.686530447,10507.364398617,373495.2897313,0.14232248067856,1.5730576515198,-7.7449549280573e-06,10507.416015625,159.14692687988,89.540285983064,572.92893676758,322.34502953903,-8.5563259124756,11.236394882202,1.0658373832703,0.33697673678398,5.0078239155482e-07,0.53507115689786,0.99468320608139,1.0016072588177,0,100.16072845459,0,1.0016072588177,0,0,0,0,1.0016072588177,0,
12.8,2025-08-27T00:00:12.800000000Z01:00,JF-17 2x SD-10,19269.614532199,10505.674502369,373527.1108532,0.14283934235573,1.5730566978455,-7.2637863013369e-06,10505.69140625,159.49935913086,89.748330508758,574.19769287109,323.09398983153,-8.3505878448486,11.185182571411,1.0658621788025,0.33680766820908,-1.2942579132869e-06,0.53624283281962,0.99456715583801,1.0014796748879,0,100.14796447754,0,1.0014796748879,0,0,0,0,1.0014796748879,0,
13,2025-08-27T00:00:13.000000000Z01:00,JF-17 2x SD-10,19269.542376452,10504.024937934,373559.0031374,0.14331386983395,1.5730566978455,-6.8878953243257e-06,10504.057617188,159.84034729004,89.949454152256,575.42525024414,323.81803494812,-8.1508493423462,11.134269714355,1.0657229423523,0.33663603663445,-7.6915938507227e-07,0.53737663884356,0.99445450305939,1.0013654833564,0,100.13655090332,0,1.0013654833564,0,0,0,0,1.0013654833564,0,
13.2,2025-08-27T00:00:13.200000000Z01:00,JF-17 2x SD-10,19269.470063539,10502.415690612,373590.96635256,0.14373537898064,1.5730566978455,-6.8506733441609e-06,10502.463867188,160.18045043945,90.149892536067,576.64962158203,324.53961312984,-7.951464176178,11.080800056458,1.0653967857361,0.33647772669792,-5.8622947562981e-07,0.53850776091644,0.99434173107147,1.0012600563497,0,100.12600708008,0,1.0012600563497,0,0,0,0,1.0012600563497,0,
13.4,2025-08-27T00:00:13.400000000Z01:00,JF-17 2x SD-10,19269.39759383,10500.846669018,373623.00032232,0.1441268324852,1.5730566978455,-7.4759391281987e-06,10500.862304688,160.53009033203,90.355792904815,577.90832519531,325.28085445734,-7.746964931488,11.023950576782,1.0647120475769,0.33626654744148,-8.2946553447982e-07,0.53967088378328,0.99422544240952,1.0011598952521,0,100.11598968506,0,1.0011598952521,0,0,0,0,1.0011598952521,0,
13.6,2025-08-27T00:00:13.600000000Z01:00,JF-17 2x SD-10,19269.324968215,10499.317593617,373655.10475397,0.14450134336948,1.5730566978455,-8.2292508523096e-06,10499.34765625,160.86883544922,90.555088930508,579.12780761719,325.99832014983,-7.5497055053711,10.969243049622,1.0641044378281,0.33612632751465,-2.1002167613915e-06,0.54079786307783,0.99411261081696,1.0010702587643,0,100.10702514648,0,1.0010702587643,0,0,0,0,1.0010702587643,0,
13.8,2025-08-27T00:00:13.800000000Z01:00,JF-17 2x SD-10,19269.252187604,10497.828268496,373687.27949363,0.144899725914,1.5730566978455,-7.9285500760307e-06,10497.872070312,161.20703125,90.753897732549,580.3453125,326.71403183718,-7.3532853126526,10.916534423828,1.0637009143829,0.33605924248695,-1.3618467846754e-06,0.54192326436919,0.99399971961975,1.0009875118596,0,100.09875488281,0,1.0009875118596,0,0,0,0,1.0009875118596,0,
14,2025-08-27T00:00:14.000000000Z01:00,JF-17 2x SD-10,19269.179252074,10496.378601474,373719.52441722,0.14533884823322,1.5730562210083,-6.9351021920738e-06,10496.392578125,161.55485534668,90.958181505756,581.59747924805,327.44945342072,-7.1512632369995,10.864342689514,1.0635582208633,0.3360523879528,-6.4680102696002e-07,0.54308103825966,0.99388325214386,1.0009089073597,0,100.09088134766,0,1.0009089073597,0,0,0,0,1.0009089073597,0,
14.2,2025-08-27T00:00:14.200000000Z01:00,JF-17 2x SD-10,19269.106161835,10494.968508183,373751.83926009,0.14577229321003,1.5730562210083,-5.9565845731413e-06,10494.99609375,161.89183044434,91.155927893635,582.81058959961,328.16134041708,-6.9553833007812,10.814503669739,1.0633478164673,0.33602395653725,2.5188796826114e-07,0.54420295059525,0.99377018213272,1.0008385707019,0,100.08385467529,0,1.0008385707019,0,0,0,0,1.0008385707019,0,
14.4,2025-08-27T00:00:14.400000000Z01:00,JF-17 2x SD-10,19269.032916817,10493.59795064,373784.22386804,0.14618749916553,1.5730562210083,-5.1812648962368e-06,10493.638671875,162.22819519043,91.353137028522,584.02150268555,328.87129330268,-6.7598485946655,10.764063835144,1.0630373954773,0.33599671721458,-7.9554206422472e-07,0.54532302078072,0.99365705251694,1.0007736477808,0,100.07736968994,0,1.0007736477808,0,0,0,0,1.0007736477808,0,
14.6,2025-08-27T00:00:14.600000000Z01:00,JF-17 2x SD-10,19268.959516973,10492.266860079,373816.67812061,0.14658507704735,1.5730562210083,-4.8501892706554e-06,10492.280273438,162.57421875,91.555813195932,585.2671875,329.60092750536,-6.5590415000916,10.710926055908,1.0625553131104,0.33596560359001,-1.4778942158955e-06,0.54647554321403,0.9935405254364,1.000711982264,0,100.07120513916,0,1.000711982264,0,0,0,0,1.000711982264,0,
14.8,2025-08-27T00:00:14.800000000Z01:00,JF-17 2x SD-10,19268.885962727,10490.975050079,373849.20178526,0.14695020020008,1.5730562210083,-4.7826652007643e-06,10491.000976562,162.90969848633,91.752138055641,586.47491455078,330.30769700031,-6.364851474762,10.658732414246,1.0620930194855,0.33597275614738,-7.8553227922384e-07,0.54759314225052,0.99342721700668,1.0006568094168,0,100.06568145752,0,1.0006568094168,0,0,0,0,1.0006568094168,0,
15,2025-08-27T00:00:15.000000000Z01:00,JF-17 2x SD-10,19268.812254284,10489.722366408,373881.79475913,0.14731281995773,1.5730562210083,-4.5494252844946e-06,10489.759765625,163.24481201172,91.948063760874,587.68132324219,331.01302953915,-6.1716356277466,10.607044219971,1.0615211725235,0.33595538139343,-6.2673012735104e-07,0.54870986768818,0.99331390857697,1.0006058890695,0,100.06059265137,0,1.0006058890695,0,0,0,0,1.0006058890695,0,
15.2,2025-08-27T00:00:15.200000000Z01:00,JF-17 2x SD-10,19268.738391768,10488.508641045,373914.4569613,0.14769726991653,1.5730562210083,-3.7662955492124e-06,10488.520507812,163.58973693848,92.149529775324,588.92305297852,331.73830719117,-5.9735078811646,10.555061340332,1.0610128641129,0.33595457673073,-1.7933680283022e-06,0.54985938038015,0.99319714307785,1.0005575292431,0,100.05575561523,0,1.0005575292431,0,0,0,0,1.0005575292431,0,
15.4,2025-08-27T00:00:15.400000000Z01:00,JF-17 2x SD-10,19268.66437539,10487.333662523,373947.18817544,0.14808018505573,1.5730566978455,-2.2749723029847e-06,10487.356445312,163.9241027832,92.344645846339,590.12677001953,332.44072504682,-5.781934261322,10.50572681427,1.0607047080994,0.33600491285324,-6.2587611182607e-07,0.55097414411166,0.99308371543884,1.00051426622,0,100.05142974854,0,1.00051426622,0,0,0,0,1.00051426622,0,
15.6,2025-08-27T00:00:15.600000000Z01:00,JF-17 2x SD-10,19268.590204706,10486.197335983,373979.98830155,0.14846150577068,1.5730566978455,-1.8833624437775e-07,10486.23046875,164.25813293457,92.539381163758,591.32927856445,333.14177218953,-5.5908179283142,10.45675945282,1.0602802038193,0.3360281586647,-1.9817985048576e-06,0.55208788779661,0.99297022819519,1.000474342341,0,100.0474319458,0,1.000474342341,0,0,0,0,1.000474342341,0,
15.8,2025-08-27T00:00:15.800000000Z01:00,JF-17 2x SD-10,19268.515879013,10485.099567749,374012.85726275,0.14884109795094,1.5730566978455,1.6122500028359e-06,10485.110351562,164.60189819336,92.73959219199,592.56683349609,333.86253189116,-5.3946738243103,10.406119346619,1.0597826242447,0.33605590462685,-7.8734871067354e-07,0.5532345639916,0.99285316467285,1.0004364304656,0,100.04364013672,0,1.0004364304656,0,0,0,0,1.0004364304656,0,
16,2025-08-27T00:00:16.000000000Z01:00,JF-17 2x SD-10,19268.441397686,10484.04014938,374045.79485658,0.14919359982014,1.5730566978455,1.6198695220737e-06,10484.060546875,164.9352722168,92.933565734805,593.76697998047,334.5608366453,-5.2051825523376,10.356657028198,1.0592263936996,0.3360867202282,-3.9165402654362e-07,0.55434663693602,0.99273949861526,1.0004025182218,0,100.04026031494,0,1.0004025182218,0,0,0,0,1.0004025182218,0,
16.2,2025-08-27T00:00:16.200000000Z01:00,JF-17 2x SD-10,19268.366760742,10483.018909481,374078.80100564,0.14953592419624,1.5730566978455,-4.8221852466668e-07,10483.048828125,165.26843261719,93.127212732508,594.96635742188,335.25796583703,-5.0166006088257,10.307215690613,1.0587440729141,0.3361602127552,-7.4205985356457e-07,0.55545827348759,0.99262577295303,1.0003712270129,0,100.03712463379,0,1.0003712270129,0,0,0,0,1.0003712270129,0,
16.4,2025-08-27T00:00:16.400000000Z01:00,JF-17 2x SD-10,19268.291969085,10482.035703245,374111.87566714,0.14988653361797,1.5730566978455,-4.6642044253531e-06,10482.044921875,165.61149597168,93.326424178842,596.20138549805,335.97512704383,-4.8232111930847,10.256764411926,1.0581376552582,0.33620893955231,1.2615319633369e-07,0.55660332844125,0.99250859022141,1.0003415162254,0,100.03415679932,0,1.0003415162254,0,0,0,0,1.0003415162254,0,
16.6,2025-08-27T00:00:16.600000000Z01:00,JF-17 2x SD-10,19268.217024701,10481.090292697,374145.01866594,0.15022943913937,1.5730557441711,-9.3138214651844e-06,10481.108398438,165.94424438477,93.519455938813,597.39927978516,336.67004137973,-4.6364846229553,10.208565711975,1.0575888156891,0.33626729249954,-8.648072480355e-08,0.55771422785711,0.99239480495453,1.0003149429717,0,100.03149414062,0,1.0003149429717,0,0,0,0,1.0003149429717,0,
16.8,2025-08-27T00:00:16.800000000Z01:00,JF-17 2x SD-10,19268.141929975,10480.182506793,374178.22993945,0.15057314932346,1.5730557441711,-1.2818475624954e-05,10480.208984375,166.27682495117,93.712170088293,598.59656982422,337.36381231785,-4.4506454467773,10.160995483398,1.0570669174194,0.33633571863174,1.2657050092457e-06,0.55882466026003,0.99228084087372,1.0002904263472,0,100.02903747559,0,1.0002904263472,0,0,0,0,1.0002904263472,0,
17,2025-08-27T00:00:17.000000000Z01:00,JF-17 2x SD-10,19268.06668617,10479.312204357,374211.5094492,0.15092232823372,1.5730547904968,-1.5539741070825e-05,10479.3203125,166.61929321289,93.910447895941,599.82945556641,338.07761242539,-4.2599430084229,10.11224937439,1.0566322803497,0.33644971251488,6.1188279687485e-07,0.55996857901478,0.99216347932816,1.0002671506938,0,100.02671813965,0,1.0002671506938,0,0,0,0,1.0002671506938,0,
17.2,2025-08-27T00:00:17.200000000Z01:00,JF-17 2x SD-10,19267.99129504,10478.479193941,374244.8570342,0.15125203132629,1.5730519294739,-1.8148191884393e-05,10478.495117188,166.95155334473,94.102611247915,601.02559204102,338.7694004925,-4.0756893157959,10.064970016479,1.0560657978058,0.3365313410759,-3.7667637116101e-06,0.5610785981476,0.99204939603806,1.0002463354365,0,100.02462768555,0,1.0002463354365,0,0,0,0,1.0002463354365,0,
17.4,2025-08-27T00:00:17.400000000Z01:00,JF-17 2x SD-10,19267.91575925,10477.683300918,374278.27264826,0.15157267451286,1.5730519294739,-2.0787028915947e-05,10477.70703125,167.28369140625,94.294491393606,602.2212890625,339.46016901698,-3.892418384552,10.017773628235,1.0554705858231,0.33661907911301,-2.6681425424613e-06,0.56218844378227,0.99193525314331,1.0002271333757,0,100.02271270752,0,1.0002271333757,0,0,0,0,1.0002271333757,0,
17.6,2025-08-27T00:00:17.600000000Z01:00,JF-17 2x SD-10,19267.840079554,10476.924350946,374311.75626133,0.15189822018147,1.5730514526367,-2.3742710254737e-05,10476.931640625,167.62554931641,94.491794904002,603.45197753906,340.17046165441,-3.704573392868,9.9694833755493,1.0550472736359,0.33632397651672,-2.3007960407995e-06,0.5633311341297,0.99181765317917,1.0002089054004,0,100.02088928223,0,1.0002089054004,0,0,0,0,1.0002089054004,0,
17.8,2025-08-27T00:00:17.800000000Z01:00,JF-17 2x SD-10,19267.764257667,10476.20216232,374345.30757011,0.1522211432457,1.5730514526367,-2.5967519832193e-05,10476.215820312,167.95606994629,94.682387429065,604.64185180664,340.85659474464,-3.5226764678955,9.9234266281128,1.0549029111862,0.33583831787109,-4.8936861674065e-08,0.56443605735434,0.99170339107513,1.0001926061556,0,100.01926422119,0,1.0001926061556,0,0,0,0,1.0001926061556,0,
18,2025-08-27T00:00:18.000000000Z01:00,JF-17 2x SD-10,19267.688294802,10475.516670217,374378.92628248,0.15255261957645,1.5730509757996,-2.7740301447921e-05,10475.537109375,168.28520202637,94.871995139494,605.82672729492,341.53918250218,-3.341233253479,9.8782806396484,1.0546875,0.33533221483231,6.9481507125602e-07,0.56553665032214,0.99158906936646,1.0001775718662,0,100.01776123047,0,1.0001775718662,0,0,0,0,1.0001775718662,0,
18.2,2025-08-27T00:00:18.200000000Z01:00,JF-17 2x SD-10,19267.612191853,10474.867807561,374412.61212097,0.15288908779621,1.5730514526367,-2.9769598768326e-05,10474.874023438,168.62286376953,95.066326289975,607.04230957031,342.23877464391,-3.1547846794128,9.8319149017334,1.054430603981,0.33481180667877,1.6511281728526e-06,0.56666599762982,0.99147123098373,1.00016330195,0,100.01633453369,0,1.00016330195,0,0,0,0,1.00016330195,0,
18.4,2025-08-27T00:00:18.400000000Z01:00,JF-17 2x SD-10,19267.535950168,10474.255423162,374446.36468248,0.15319898724556,1.5730509757996,-3.1595431210008e-05,10474.267578125,168.94923400879,95.253962380643,608.21724243164,342.91426457032,-2.9744222164154,9.7864227294922,1.0541964769363,0.33433091640472,9.5550568346425e-08,0.5677578297149,0.99135679006577,1.0001505435011,0,100.01505279541,0,1.0001505435011,0,0,0,0,1.0001505435011,0,
18.6,2025-08-27T00:00:18.600000000Z01:00,JF-17 2x SD-10,19267.459571233,10473.679412789,374480.18368658,0.15349160134792,1.5730514526367,-3.2298004953191e-05,10473.696289062,169.27433776855,95.440681924754,609.3876159668,343.58645492911,-2.794682264328,9.7404050827026,1.053746342659,0.33380329608917,2.3629916086065e-06,0.56884570913663,0.99124222993851,1.0001387766175,0,100.01387786865,0,1.0001387766175,0,0,0,0,1.0001387766175,0,
18.8,2025-08-27T00:00:18.800000000Z01:00,JF-17 2x SD-10,19267.383055704,10473.139633409,374514.06887889,0.15378373861313,1.5730509757996,-3.1892330298433e-05,10473.14453125,169.60795593262,95.632082551495,610.58864135742,344.27549718538,-2.6105220317841,9.6930618286133,1.0532364845276,0.33325865864754,2.407314013908e-06,0.56996235179231,0.99112421274185,1.0001276093346,0,100.01275634766,0,1.0001276093346,0,0,0,0,1.0001276093346,0,
19,2025-08-27T00:00:19.000000000Z01:00,JF-17 2x SD-10,19267.306403926,10472.635837006,374548.01988097,0.15406766533852,1.5730514526367,-3.1124669476412e-05,10472.645507812,169.93051147461,95.81696749281,611.74984130859,344.94108297412,-2.4328012466431,9.6477270126343,1.0527534484863,0.33274060487747,2.4846876840456e-06,0.57104210958761,0.9910095334053,1.0001176260908,0,100.01176452637,0,1.0001176260908,0,0,0,0,1.0001176260908,0,
19.2,2025-08-27T00:00:19.200000000Z01:00,JF-17 2x SD-10,19267.229616029,10472.167842165,374582.03642678,0.15435500442982,1.5730514526367,-2.992716144945e-05,10472.181640625,170.25183105469,96.000949772375,612.90659179687,345.60341918055,-2.2559542655945,9.6031198501587,1.0524092912674,0.33227035403252,3.3483697734482e-06,0.57211820381175,0.99089485406876,1.0001084198157,0,100.01083374023,0,1.0001084198157,0,0,0,0,1.0001084198157,0,
19.4,2025-08-27T00:00:19.400000000Z01:00,JF-17 2x SD-10,19267.152691814,10471.735518079,374616.11827627,0.15465059876442,1.5730514526367,-2.887285882025e-05,10471.739257812,170.5816192627,96.189596399354,614.0938293457,346.28254703768,-2.074568271637,9.5576601028442,1.0519417524338,0.33175748586655,4.1386429074919e-06,0.57322274443347,0.99077665805817,1.0000996837048,0,100.00996398926,0,1.0000996837048,0,0,0,0,1.0000996837048,0,
19.6,2025-08-27T00:00:19.600000000Z01:00,JF-17 2x SD-10,19267.0756315,10471.338641333,374650.26506215,0.1549314558506,1.5730519294739,-2.8112493964727e-05,10471.346679688,170.90048217773,96.371783627958,615.24173583984,346.93842106065,-1.8994790315628,9.513747215271,1.0514628887177,0.3312620818615,5.1839124353137e-06,0.57429100897275,0.99066174030304,1.0000918747928,0,100.00919342041,0,1.0000918747928,0,0,0,0,1.0000918747928,0,
19.8,2025-08-27T00:00:19.800000000Z01:00,JF-17 2x SD-10,19266.998435206,10470.977027632,374684.47652838,0.15520350635052,1.5730509757996,-2.7578262233874e-05,10470.987304688,171.21815490723,96.553095778941,616.38535766602,347.59114480419,-1.7254061698914,9.4698991775513,1.0509445667267,0.33076694607735,3.0250653253461e-06,0.575355566019,0.99054688215256,1.0000846744696,0,100.00846099854,0,1.0000846744696,0,0,0,0,1.0000846744696,0,
20,2025-08-27T00:00:20.000000000Z01:00,JF-17 2x SD-10,19266.921103625,10470.650497327,374718.75244525,0.1554759144783,1.5730481147766,-2.6885616534855e-05,10470.653320312,171.54428100586,96.739039663582,617.55941162109,348.2605427889,-1.5470505952835,9.4248361587524,1.0504868030548,0.33029264211655,-1.4082414736549e-06,0.57644863301667,0.99042844772339,1.0000778426755,0,100.00778198242,0,1.0000778426755,0,0,0,0,1.0000778426755,0,
20.2,2025-08-27T00:00:20.200000000Z01:00,JF-17 2x SD-10,19266.843639115,10470.358812864,374753.09246731,0.15573638677597,1.5730452537537,-2.5370802177349e-05,10470.364257812,171.8596496582,96.91864935153,618.69473876953,348.90713766551,-1.3750195503235,9.3814554214478,1.049923658371,0.32980251312256,-7.9738265412743e-06,0.57750602354314,0.99031335115433,1.0000717366884,0,100.00717926025,0,1.0000717366884,0,0,0,0,1.0000717366884,0,
20.4,2025-08-27T00:00:20.400000000Z01:00,JF-17 2x SD-10,19266.766043876,10470.101759149,374787.49635437,0.15599545836449,1.5730428695679,-2.2453017663793e-05,10470.109375,172.17390441895,97.097415377672,619.8260559082,349.55069535962,-1.2041244506836,9.3385915756226,1.0493688583374,0.32932308316231,-1.0776449926198e-05,0.57855986132072,0.99019825458527,1.0000661072247,0,100.00661468506,0,1.0000661072247,0,0,0,0,1.0000661072247,0,
20.6,2025-08-27T00:00:20.600000000Z01:00,JF-17 2x SD-10,19266.688318744,10469.879131954,374821.96388877,0.1562607884407,1.573043346405,-1.9467133824946e-05,10469.880859375,172.4965057373,97.280758940569,620.9874206543,350.21073218605,-1.0292171239853,9.2949466705322,1.0488063097,0.32883694767952,-8.6244517660816e-06,0.57964202799734,0.99007970094681,1.0000607665161,0,100.00608062744,0,1.0000607665161,0,0,0,0,1.0000607665161,0,
20.8,2025-08-27T00:00:20.800000000Z01:00,JF-17 2x SD-10,19266.610462866,10469.690684503,374856.49473633,0.15651425719261,1.5730443000793,-1.7868842405733e-05,10469.694335938,172.80853271484,97.45786794803,622.11071777344,350.84832461291,-0.86037659645081,9.2528715133667,1.0483592748642,0.328403621912,-7.5608149927575e-06,0.58068908246972,0.98996442556381,1.0000559937605,0,100.00559997559,0,1.0000559937605,0,0,0,0,1.0000559937605,0,
21,2025-08-27T00:00:21.000000000Z01:00,JF-17 2x SD-10,19266.532475006,10469.536225349,374891.08867158,0.15676203370094,1.5730471611023,-1.6624935597065e-05,10469.540039062,173.11950683594,97.6341984519,623.23022460938,351.48311442684,-0.69267439842224,9.2110509872437,1.0477832555771,0.32793936133385,-8.1860457612493e-07,0.58173269281214,0.98984920978546,1.0000515939856,0,100.0051651001,0,1.0000515939856,0,0,0,0,1.0000515939856,0,
21.2,2025-08-27T00:00:21.200000000Z01:00,JF-17 2x SD-10,19266.454352602,10469.415541058,374925.74548883,0.15701144933701,1.5730490684509,-1.5509171134909e-05,10469.416992188,173.43876647949,97.815005982146,624.37955932617,352.13402153572,-0.52112698554993,9.168249130249,1.0471757650375,0.32746487855911,1.8664628669285e-06,0.58280448554383,0.98973035812378,1.0000474203756,0,100.0047454834,0,1.0000474203756,0,0,0,0,1.0000474203756,0,
21.4,2025-08-27T00:00:21.400000000Z01:00,JF-17 2x SD-10,19266.376094656,10469.328349341,374960.4648658,0.15724907815456,1.5730495452881,-1.404628619639e-05,10469.330078125,173.74761962891,97.989712497126,625.49143066406,352.76296498966,-0.35579818487167,9.1270380020142,1.0466907024384,0.32704389095306,2.3640660629098e-07,0.58384156208173,0.98961496353149,1.0000436910371,0,100.00437164307,0,1.0000436910371,0,0,0,0,1.0000436910371,0,
21.6,2025-08-27T00:00:21.600000000Z01:00,JF-17 2x SD-10,19266.297701408,10469.274449112,374995.2465919,0.15748344361782,1.5730500221252,-1.1391343832656e-05,10469.275390625,174.05546569824,98.163671946495,626.59967651367,353.38921900738,-0.19150753319263,9.0861778259277,1.046089053154,0.32659432291985,2.2182182419783e-06,0.58487552629206,0.98949950933456,1.00004025353,0,100.00402832031,0,1.00004025353,0,0,0,0,1.00004025353,0,
21.8,2025-08-27T00:00:21.800000000Z01:00,JF-17 2x SD-10,19266.219171955,10469.253630077,375030.09047624,0.15772195160389,1.5730500221252,-8.4118082668283e-06,10469.25390625,174.37158203125,98.342102074672,627.7376953125,354.03156746882,-0.023506831377745,9.0445261001587,1.0454736948013,0.32613727450371,2.1715923139709e-06,0.58593759553452,0.98938053846359,1.0000369930992,0,100.00369262695,0,1.0000369930992,0,0,0,0,1.0000369930992,0,
22,2025-08-27T00:00:22.000000000Z01:00,JF-17 2x SD-10,19266.140505686,10469.265606781,375064.99620924,0.15795004367828,1.5730500221252,-5.8997957239626e-06,10469.264648438,174.67739868164,98.514511947011,628.83863525391,354.65224300924,0.1383291631937,9.0044975280762,1.0448787212372,0.32570052146912,2.1045457287983e-06,0.58696539324622,0.98926496505737,1.0000340800691,0,100.00341033936,0,1.0000340800691,0,0,0,0,1.0000340800691,0,
22.2,2025-08-27T00:00:22.200000000Z01:00,JF-17 2x SD-10,19266.061702212,10469.310154517,375099.96358825,0.15817391872406,1.5730500221252,-3.2367042877013e-06,10469.30859375,174.98225402832,98.686161422459,629.93611450195,355.27018112085,0.29907256364822,8.9647703170776,1.0443879365921,0.32530251145363,2.0501327071543e-06,0.58799008790244,0.98914933204651,1.0000313952951,0,100.00313568115,0,1.0000313952951,0,0,0,0,1.0000313952951,0,
22.4,2025-08-27T00:00:22.400000000Z01:00,JF-17 2x SD-10,19265.982760815,10469.38708232,375134.99243655,0.15839977562428,1.5730504989624,-1.1242105983911e-06,10469.385742188,175.29534912109,98.862262974186,631.06325683594,355.90414670707,0.4635129570961,8.9241390228271,1.0437582731247,0.32486101984978,2.3048573893902e-06,0.58904286107678,0.98903024196625,1.000028849113,0,100.00288391113,0,1.000028849113,0,0,0,0,1.000028849113,0,
22.6,2025-08-27T00:00:22.600000000Z01:00,JF-17 2x SD-10,19265.903681226,10469.496104837,375170.08245825,0.15861484408379,1.5730504989624,-4.8289899723386e-07,10469.493164062,175.59828186035,99.032440009489,632.15381469727,356.51678403416,0.62186026573181,8.8850536346436,1.043145775795,0.32443743944168,3.2279906463373e-06,0.59006177214985,0.98891454935074,1.0000265744874,0,100.0026550293,0,1.0000265744874,0,0,0,0,1.0000265744874,0,
22.8,2025-08-27T00:00:22.800000000Z01:00,JF-17 2x SD-10,19265.824463326,10469.636983741,375205.2334615,0.15882632136345,1.5730504989624,-2.5051233478735e-06,10469.631835938,175.90028381348,99.201901428799,633.24102172852,357.12684514368,0.77897083759308,8.8463439941406,1.0425349473953,0.32402068376541,3.0891037567926e-06,0.59107768215474,0.98879873752594,1.0000244783295,0,100.00244140625,0,1.0000244783295,0,0,0,0,1.0000244783295,0,
23,2025-08-27T00:00:23.000000000Z01:00,JF-17 2x SD-10,19265.745108379,10469.809506771,375240.44527911,0.15904061496258,1.5730500221252,-6.2177482504921e-06,10469.807617188,176.21051025391,99.375757636402,634.35783691406,357.75272749105,0.9397411942482,8.8067932128906,1.0420143604279,0.32363161444664,1.4086600685914e-06,0.5921217245023,0.9886794090271,1.0000224906038,0,100.00225067139,0,1.0000224906038,0,0,0,0,1.0000224906038,0,
23.2,2025-08-27T00:00:23.200000000Z01:00,JF-17 2x SD-10,19265.665618823,10470.013412386,375275.7176312,0.15924496948719,1.5730500221252,-9.7495076261112e-06,10470.008789062,176.51071166992,99.543815154047,635.43856201172,358.35773455457,1.0945639610291,8.7687644958496,1.041402220726,0.32322508096695,1.8839700715034e-06,0.59313211986956,0.98856353759766,1.000020715075,0,100.00207519531,0,1.000020715075,0,0,0,0,1.000020715075,0,
23.4,2025-08-27T00:00:23.400000000Z01:00,JF-17 2x SD-10,19265.585996409,10470.248462692,375311.05033715,0.15944570302963,1.5730495452881,-1.2640056411328e-05,10470.241210938,176.81001281738,99.711136943543,636.51604614258,358.96009299675,1.2481524944305,8.7310962677002,1.0407923460007,0.32282358407974,1.288161456614e-06,0.59413990916766,0.98844760656357,1.0000190790366,0,100.00190734863,0,1.0000190790366,0,0,0,0,1.0000190790366,0,
23.6,2025-08-27T00:00:23.600000000Z01:00,JF-17 2x SD-10,19265.506242682,10470.514429695,375346.44323806,0.15964864194393,1.5730490684509,-1.4798781194258e-05,10470.51171875,177.11749267578,99.882836237606,637.62297363281,359.57821045538,1.4051432609558,8.6926383972168,1.0402767658234,0.32245030999184,2.6336617793277e-06,0.5951754455828,0.98832809925079,1.0000175278036,0,100.00175476074,0,1.0000175278036,0,0,0,0,1.0000175278036,0,
23.8,2025-08-27T00:00:23.800000000Z01:00,JF-17 2x SD-10,19265.426359045,10470.811054345,375381.89606568,0.15984144806862,1.573046207428,-1.7365147868986e-05,10470.8046875,177.41508483887,100.04880644703,638.69430541992,360.17570320932,1.5564512014389,8.6555824279785,1.0396611690521,0.32205793261528,2.2346819150698e-07,0.59617789088262,0.98821204900742,1.0000161423261,0,100.00160980225,0,1.0000161423261,0,0,0,0,1.0000161423261,0,
24,2025-08-27T00:00:24.000000000Z01:00,JF-17 2x SD-10,19265.346348451,10471.138113052,375417.4086523,0.16003076732159,1.5730428695679,-2.0739193132613e-05,10471.127929688,177.71182250977,100.21410494094,639.76256103516,360.77077778739,1.7065193653107,8.6188831329346,1.039048910141,0.32167181372643,-6.5854392232723e-06,0.59717788225809,0.98809599876404,1.0000148658365,0,100.00148773193,0,1.0000148658365,0,0,0,0,1.0000148658365,0,
24.2,2025-08-27T00:00:24.200000000Z01:00,JF-17 2x SD-10,19265.266215015,10471.495376134,375452.98084947,0.16022256016731,1.5730404853821,-2.4437986212433e-05,10471.491210938,178.01669311523,100.38374464327,640.86009521484,361.38148071579,1.8598494529724,8.5814609527588,1.0384253263474,0.32127925753593,-1.0887499229284e-05,0.59820549155594,0.98797631263733,1.0000136556502,0,100.00137329102,0,1.0000136556502,0,0,0,0,1.0000136556502,0,
24.4,2025-08-27T00:00:24.400000000Z01:00,JF-17 2x SD-10,19265.185962253,10471.882563575,375488.61239681,0.16040553152561,1.5730400085449,-2.8280372134759e-05,10471.875,178.31178283691,100.54771288612,641.92241821289,361.97176639003,2.0075364112854,8.5454769134521,1.0379343032837,0.32093816995621,-9.1156362032052e-06,0.59920036955616,0.98786020278931,1.0000125748979,0,100.0012512207,0,1.0000125748979,0,0,0,0,1.0000125748979,0,
24.6,2025-08-27T00:00:24.600000000Z01:00,JF-17 2x SD-10,19265.105591746,10472.299474195,375524.30313932,0.16058486700058,1.5730395317078,-3.2130516046891e-05,10472.286132812,178.60609436035,100.71106971203,642.98193969727,362.55985096331,2.154125213623,8.5097875595093,1.0373305082321,0.32056686282158,-7.54523125579e-06,0.60019286047651,0.98774391412735,1.0000115792718,0,100.00115966797,0,1.0000115792718,0,0,0,0,1.0000115792718,0,
24.8,2025-08-27T00:00:24.800000000Z01:00,JF-17 2x SD-10,19265.025104611,10472.745887343,375560.05293842,0.16076569259167,1.5730419158936,-3.5105334973196e-05,10472.741210938,178.90849304199,100.87868135594,644.07057495117,363.16325288138,2.3038833141327,8.473352432251,1.0367105007172,0.32018840312958,-3.3605874705245e-06,0.60121298271549,0.98762410879135,1.0000106354652,0,100.00106048584,0,1.0000106354652,0,0,0,0,1.0000106354652,0,
25,2025-08-27T00:00:25.000000000Z01:00,JF-17 2x SD-10,19264.944500514,10473.221520507,375595.861544,0.16093775629997,1.5730447769165,-3.6004537832923e-05,10473.211914062,179.20121765137,101.04073840321,645.12438354492,363.74665825156,2.4480080604553,8.4383306503296,1.0361137390137,0.31982773542404,5.1704423640331e-06,0.60220076608963,0.98750776052475,1.0000097926959,0,100.0009765625,0,1.0000097926959,0,0,0,0,1.0000097926959,0,
25.2,2025-08-27T00:00:25.200000000Z01:00,JF-17 2x SD-10,19264.86377771,10473.72615432,375631.72880816,0.16110625863075,1.5730447769165,-3.5997978557134e-05,10473.7109375,179.49319458008,101.2021880698,646.17550048828,364.32787705128,2.5910971164703,8.4035787582397,1.0356262922287,0.31950467824936,4.8761676225695e-06,0.60318620890194,0.98739141225815,1.0000090163926,0,100.00090789795,0,1.0000090163926,0,0,0,0,1.0000090163926,0,
25.4,2025-08-27T00:00:25.400000000Z01:00,JF-17 2x SD-10,19264.782935943,10474.259593919,375667.65460542,0.1612765789032,1.5730452537537,-3.573477442842e-05,10474.25390625,179.79321289062,101.36788690593,647.25556640625,364.92439286134,2.7373151779175,8.3681163787842,1.0350134372711,0.3191414475441,4.4521420932142e-06,0.60419915059957,0.98727148771286,1.0000082805749,0,100.00082397461,0,1.0000082805749,0,0,0,0,1.0000082805749,0,
25.6,2025-08-27T00:00:25.600000000Z01:00,JF-17 2x SD-10,19264.70197545,10474.821561507,375703.63869605,0.16143894195557,1.5730452537537,-3.5426222893875e-05,10474.809570312,180.08369445801,101.52811056816,648.30130004883,365.50119804538,2.8780219554901,8.3340539932251,1.0344272851944,0.3187942802906,6.9481534410443e-06,0.60518004905457,0.98715507984161,1.0000076236013,0,100.00076293945,0,1.0000076236013,0,0,0,0,1.0000076236013,0,
25.8,2025-08-27T00:00:25.800000000Z01:00,JF-17 2x SD-10,19264.620896538,10475.411828572,375739.68093894,0.16159844398499,1.573043346405,-3.5064793337369e-05,10475.393554688,180.37342834473,101.6877310802,649.34434204102,366.07583188873,3.0175733566284,8.3003301620483,1.0339583158493,0.31848618388176,4.565108611132e-06,0.60615889822765,0.98703849315643,1.0000070185062,0,100.0007019043,0,1.0000070185062,0,0,0,0,1.0000070185062,0,
26,2025-08-27T00:00:26.000000000Z01:00,JF-17 2x SD-10,19264.53970021,10476.030216578,375775.78121695,0.16175895929337,1.573043346405,-3.4393840905977e-05,10476.0234375,180.67123413086,101.85158394588,650.41644287109,366.66570220518,3.1605610847473,8.2657537460327,1.0336340665817,0.31818136572838,3.7030376915936e-06,0.60716517447338,0.98691844940186,1.000006445031,0,100.00064086914,0,1.000006445031,0,0,0,0,1.000006445031,0,
26.2,2025-08-27T00:00:26.200000000Z01:00,JF-17 2x SD-10,19264.458386433,10476.676569094,375811.9393016,0.16191093623638,1.573043346405,-3.3956832339754e-05,10476.663085938,180.95957946777,102.01001285383,651.45448608398,367.23604627379,3.2987997531891,8.2322835922241,1.0333728790283,0.31789842247963,6.2994940890349e-06,0.60813972545897,0.98680180311203,1.0000059330607,0,100.00059509277,0,1.0000059330607,0,0,0,0,1.0000059330607,0,
26.4,2025-08-27T00:00:26.400000000Z01:00,JF-17 2x SD-10,19264.376955055,10477.350787099,375848.15506076,0.16205994784832,1.573043346405,-3.3383897971362e-05,10477.330078125,181.24723815918,102.16790473102,652.49005737305,367.80445703166,3.4364717006683,8.1989507675171,1.0330916643143,0.31761702895164,3.6210888083588e-06,0.60911232045623,0.98668503761292,1.0000054615695,0,100.00054931641,0,1.0000054615695,0,0,0,0,1.0000054615695,0,
26.6,2025-08-27T00:00:26.600000000Z01:00,JF-17 2x SD-10,19264.295406159,10478.052776533,375884.42838269,0.16221117973328,1.573043346405,-3.1912531994749e-05,10478.045898438,181.54293823242,102.3299541878,653.55457763672,368.38783507608,3.5777888298035,8.164776802063,1.0328947305679,0.31736192107201,7.6279675340629e-06,0.61011224509333,0.98656469583511,1.0000050147653,0,100.00050354004,0,1.0000050147653,0,0,0,0,1.0000050147653,0,
26.8,2025-08-27T00:00:26.800000000Z01:00,JF-17 2x SD-10,19264.213739601,10478.78241196,375920.75905074,0.16235587000847,1.573043346405,-2.8878243028885e-05,10478.767578125,181.82928466797,102.4867084149,654.58542480469,368.95215029363,3.7144286632538,8.131781578064,1.0325803756714,0.31708389520645,4.8833967412065e-06,0.61108095963448,0.98644775152206,1.0000046159242,0,100.00046539307,0,1.0000046159242,0,0,0,0,1.0000046159242,0,
27,2025-08-27T00:00:27.000000000Z01:00,JF-17 2x SD-10,19264.131954551,10479.539579908,375957.14694145,0.162498280406,1.5730438232422,-2.5005743736983e-05,10479.516601562,182.11497497559,102.64289833772,655.61390991211,369.5144340158,3.8504092693329,8.0989856719971,1.0322544574738,0.31680691242218,4.3168633965252e-06,0.6120476427845,0.98633074760437,1.000004248657,0,100.00042724609,0,1.000004248657,0,0,0,0,1.000004248657,0,
27.2,2025-08-27T00:00:27.200000000Z01:00,JF-17 2x SD-10,19264.050049332,10480.324163568,375993.59195007,0.16264213621616,1.5730443000793,-2.1336927602533e-05,10480.31640625,182.40866088867,102.80323885308,656.67117919922,370.09165987108,3.9897952079773,8.0653867721558,1.0319048166275,0.3165237903595,4.8267434067384e-06,0.61304170094881,0.98621010780334,1.0000039006576,0,100.00039672852,0,1.0000039006576,0,0,0,0,1.0000039006576,0,
27.4,2025-08-27T00:00:27.400000000Z01:00,JF-17 2x SD-10,19263.968022822,10481.136002311,376030.0938659,0.16277837753296,1.5730428695679,-1.8219092453364e-05,10481.119140625,182.6930847168,102.95834190479,657.69510498047,370.65003085725,4.124529838562,8.0328798294067,1.0316535234451,0.31628352403641,2.7776047772932e-06,0.61400464925336,0.98609292507172,1.0000035900485,0,100.00035858154,0,1.0000035900485,0,0,0,0,1.0000035900485,0,
27.6,2025-08-27T00:00:27.600000000Z01:00,JF-17 2x SD-10,19263.885874986,10481.974986918,376066.65257688,0.16291153430939,1.5730400085449,-1.644511030463e-05,10481.94921875,182.97692871094,103.11293368352,658.71694335938,371.20656126067,4.2585520744324,8.0005369186401,1.0312768220901,0.31601056456566,2.0803004474601e-07,0.61496595599883,0.9859756231308,1.0000033040591,0,100.00033569336,0,1.0000033040591,0,0,0,0,1.0000033040591,0,
27.8,2025-08-27T00:00:27.800000000Z01:00,JF-17 2x SD-10,19263.803607189,10482.840960929,376103.26797635,0.16304630041122,1.5730376243591,-1.6747504560044e-05,10482.83203125,183.26858520508,103.27153803891,659.76690673828,371.77753694008,4.3955273628235,7.9675459861755,1.0306149721146,0.3155297935009,-5.964159299765e-06,0.61595391192335,0.98585474491119,1.0000030331027,0,100.00029754639,0,1.0000030331027,0,0,0,0,1.0000030331027,0,
28,2025-08-27T00:00:28.000000000Z01:00,JF-17 2x SD-10,19263.721221941,10483.733635613,376139.93980789,0.163175329566,1.5730376243591,-1.8771495888359e-05,10483.715820312,183.55073547363,103.42476980076,660.78264770508,372.32917128274,4.5271430015564,7.9359560012817,1.0300909280777,0.31509464979172,-4.2290757846786e-06,0.61691001858801,0.98573726415634,1.000002791285,0,100.0002746582,0,1.000002791285,0,0,0,0,1.000002791285,0,
28.2,2025-08-27T00:00:28.200000000Z01:00,JF-17 2x SD-10,19263.638720175,10484.652780532,376176.66790414,0.16330140829086,1.5730376243591,-2.1437403120217e-05,10484.625,183.83198547363,103.57731430055,661.79514770508,372.87833148198,4.6576251983643,7.9046626091003,1.0294613838196,0.31463050842285,-4.1536573007761e-06,0.617863391355,0.98561972379684,1.0000025686583,0,100.00025939941,0,1.0000025686583,0,0,0,0,1.0000025686583,0,
28.4,2025-08-27T00:00:28.400000000Z01:00,JF-17 2x SD-10,19263.55610335,10485.598161997,376213.45211519,0.16342751681805,1.5730376243591,-2.2336440451909e-05,10485.588867188,184.12083435059,103.73377549095,662.83500366211,373.44159176743,4.7906918525696,7.8727440834045,1.0288190841675,0.31415835022926,-5.741341283283e-06,0.61884273690735,0.98549854755402,1.0000023577568,0,100.00023651123,0,1.0000023577568,0,0,0,0,1.0000023577568,0,
28.6,2025-08-27T00:00:28.600000000Z01:00,JF-17 2x SD-10,19263.473372261,10486.569483056,376250.29218334,0.16354620456696,1.573037147522,-2.1853591533727e-05,10486.549804688,184.40029907227,103.88493994432,663.84107666016,373.98578379954,4.9185276031494,7.8420701026917,1.0282021760941,0.31370630860329,-3.4391011922708e-06,0.61979056052276,0.98538088798523,1.0000021695563,0,100.00021362305,0,1.0000021695563,0,0,0,0,1.0000021695563,0,
28.8,2025-08-27T00:00:28.800000000Z01:00,JF-17 2x SD-10,19263.390526291,10487.566498518,376287.18794786,0.16366165876389,1.5730376243591,-2.1816251319251e-05,10487.536132812,184.67890930176,104.03545399707,664.84407348633,374.52763438946,5.0451927185059,7.8116798400879,1.0276999473572,0.31329154968262,-3.1795668746781e-06,0.62073581741718,0.98526304960251,1.00000199631,0,100.00020599365,0,1.00000199631,0,0,0,0,1.00000199631,0,
29,2025-08-27T00:00:29.000000000Z01:00,JF-17 2x SD-10,19263.307565548,10488.5889992,376324.13927044,0.16377767920494,1.5730376243591,-2.1831772755831e-05,10488.579101562,184.9651184082,104.18982496508,665.87442626953,375.08336987429,5.1744704246521,7.7806887626648,1.0270767211914,0.31283539533615,-2.0850625332969e-06,0.62170710798922,0.9851416349411,1.0000018322061,0,100.00017547607,0,1.0000018322061,0,0,0,0,1.0000018322061,0,
29.2,2025-08-27T00:00:29.200000000Z01:00,JF-17 2x SD-10,19263.224490422,10489.636701459,376361.14590387,0.16388775408268,1.5730361938477,-2.2398551664082e-05,10489.615234375,185.24201965332,104.33900696692,666.87127075195,375.62042508092,5.2986745834351,7.7509608268738,1.026486158371,0.31239888072014,-3.4559848245408e-06,0.62264706784348,0.98502373695374,1.0000016857817,0,100.00016784668,0,1.0000016857817,0,0,0,0,1.0000016857817,0,
29.4,2025-08-27T00:00:29.400000000Z01:00,JF-17 2x SD-10,19263.141302144,10490.70936396,376398.20769444,0.16399537026882,1.5730347633362,-2.3584600057802e-05,10490.676757812,185.51809692383,104.48753413084,667.86514892578,376.15512287103,5.4216532707214,7.7215709686279,1.0259084701538,0.31196844577789,-5.7472725529806e-06,0.62358457846563,0.98490571975708,1.0000015510064,0,100.00015258789,0,1.0000015510064,0,0,0,0,1.0000015510064,0,
29.6,2025-08-27T00:00:29.600000000Z01:00,JF-17 2x SD-10,19263.058002369,10491.806775724,376435.32450986,0.16410337388515,1.5730347633362,-2.4974597181426e-05,10491.795898438,185.80172729492,104.63987762951,668.88621826172,376.70355946625,5.5472965240479,7.6915526390076,1.0254266262054,0.31156235933304,-5.3879230108578e-06,0.62454791369639,0.98478400707245,1.000001423357,0,100.0001449585,0,1.000001423357,0,0,0,0,1.000001423357,0,
29.8,2025-08-27T00:00:29.800000000Z01:00,JF-17 2x SD-10,19262.974591795,10492.928687549,376472.49611429,0.16420498490334,1.5730366706848,-2.6160709239775e-05,10492.90625,186.07620239258,104.78712882896,669.87432861328,377.23366378426,5.6680507659912,7.6627011299133,1.0248581171036,0.31114050745964,2.3396230517392e-06,0.62548036036547,0.98466575145721,1.000001309472,0,100.00012969971,0,1.000001309472,0,0,0,0,1.000001309472,0,
30,2025-08-27T00:00:30.000000000Z01:00,JF-17 2x SD-10,19262.89106925,10494.074867084,376509.72236168,0.1643036454916,1.573037147522,-2.7452577342046e-05,10494.040039062,186.34985351562,104.93375359174,670.85947265625,377.76151293026,5.7876191139221,7.6341381072998,1.0242981910706,0.31072425842285,1.4089449678067e-06,0.62641053968774,0.98454755544662,1.0000012046584,0,100.00012207031,0,1.0000012046584,0,0,0,0,1.0000012046584,0,
30.2,2025-08-27T00:00:30.200000000Z01:00,JF-17 2x SD-10,19262.807435062,10495.245093883,376547.00312531,0.16440282762051,1.5730366706848,-2.9023933166172e-05,10495.233398438,186.6309967041,105.08416746173,671.87158813477,378.30300286223,5.9096522331238,7.6050190925598,1.0238419771194,0.31033343076706,2.2009323856764e-06,0.62736627916513,0.98442560434341,1.0000011053971,0,100.00010681152,0,1.0000011053971,0,0,0,0,1.0000011053971,0,
30.4,2025-08-27T00:00:30.400000000Z01:00,JF-17 2x SD-10,19262.723690051,10496.439134583,376584.33817856,0.16449663043022,1.5730366706848,-3.1056013540365e-05,10496.415039062,186.90310668945,105.22955000864,672.85118408203,378.82638003112,6.027087688446,7.5770182609558,1.0232971906662,0.30992618203163,2.0279094314901e-06,0.62829162278009,0.98430716991425,1.0000010168487,0,100.00010681152,0,1.0000010168487,0,0,0,0,1.0000010168487,0,
30.6,2025-08-27T00:00:30.600000000Z01:00,JF-17 2x SD-10,19262.639835254,10497.65677781,376621.72738414,0.16458812355995,1.5730366706848,-3.3193886338267e-05,10497.620117188,187.17445373535,105.37432153983,673.82803344727,379.34755754338,6.1433882713318,7.5493216514587,1.0227638483047,0.3095241189003,1.6157996469701e-06,0.6292146762303,0.98418873548508,1.000000935362,0,100.00009155273,0,1.000000935362,0,0,0,0,1.000000935362,0,
30.8,2025-08-27T00:00:30.800000000Z01:00,JF-17 2x SD-10,19262.555871704,10498.897811717,376659.17062179,0.16467985510826,1.5730366706848,-3.5022159863729e-05,10498.885742188,187.45321655273,105.52285036595,674.83157958984,379.88226131742,6.2620496749878,7.5210862159729,1.0222259759903,0.30911484360695,5.1833821999026e-06,0.63016325719909,0.98406648635864,1.0000008582001,0,100.00008392334,0,1.0000008582001,0,0,0,0,1.0000008582001,0,
31,2025-08-27T00:00:31.000000000Z01:00,JF-17 2x SD-10,19262.471800315,10500.161993789,376696.66766979,0.1647662371397,1.5730361938477,-3.641994408099e-05,10500.13671875,187.7230682373,105.66641525931,675.8030456543,380.39909493351,6.3762536048889,7.4939112663269,1.021815776825,0.30875465273857,3.7859904296056e-06,0.63108164662317,0.98394781351089,1.0000007893732,0,100.00008392334,0,1.0000007893732,0,0,0,0,1.0000007893732,0,
31.2,2025-08-27T00:00:31.200000000Z01:00,JF-17 2x SD-10,19262.387621843,10501.44914267,376734.2184004,0.16484996676445,1.5730361938477,-3.7553400034085e-05,10501.41015625,187.99217224121,105.80941265251,676.77182006836,380.91388554904,6.4894371032715,7.4669799804688,1.0213004350662,0.30836483836174,4.5681190385949e-06,0.63199794965358,0.98382920026779,1.0000007260418,0,100.00006866455,0,1.0000007260418,0,0,0,0,1.0000007260418,0,
31.4,2025-08-27T00:00:31.400000000Z01:00,JF-17 2x SD-10,19262.303336657,10502.759055874,376771.82270018,0.164933770895,1.5730361938477,-3.9238260796992e-05,10502.74609375,188.2686920166,105.95613148649,677.76729125977,381.44207335135,6.6049237251282,7.4395208358765,1.0207811594009,0.30796837806702,5.0923645176226e-06,0.63293966144887,0.98370671272278,1.0000006660781,0,100.00006866455,0,1.0000006660781,0,0,0,0,1.0000006660781,0,
31.6,2025-08-27T00:00:31.600000000Z01:00,JF-17 2x SD-10,19262.218945585,10504.091489044,376809.4803535,0.16501288115978,1.5730357170105,-4.1202605643775e-05,10504.064453125,188.53633117676,106.09794013015,678.73079223633,381.95258446853,6.7159552574158,7.4131474494934,1.020396232605,0.30762159824371,6.6208049247507e-06,0.63385136683395,0.9835878610611,1.0000006125972,0,100.00006103516,0,1.0000006125972,0,0,0,0,1.0000006125972,0,
31.8,2025-08-27T00:00:31.800000000Z01:00,JF-17 2x SD-10,19262.134449595,10505.446263863,376847.19123841,0.16508959233761,1.5730357170105,-4.2834639316425e-05,10505.405273438,188.8032989502,106.23920797986,679.6918762207,382.4611487275,6.8261475563049,7.3869681358337,1.0199018716812,0.30724403262138,5.425424205896e-06,0.63476115744683,0.98346900939941,1.0000005633917,0,100.00006103516,0,1.0000005633917,0,0,0,0,1.0000005633917,0,
32,2025-08-27T00:00:32.000000000Z01:00,JF-17 2x SD-10,19262.049849357,10506.823202732,376884.95524997,0.16516622900963,1.5730357170105,-4.3907763028983e-05,10506.809570312,189.07763671875,106.38415073772,680.6794921875,382.98294265579,6.9385948181152,7.3602685928345,1.019402384758,0.30685970187187,6.3779702941247e-06,0.63569624211282,0.98334634304047,1.0000005168075,0,100.00004577637,0,1.0000005168075,0,0,0,0,1.0000005168075,0,
32.2,2025-08-27T00:00:32.200000000Z01:00,JF-17 2x SD-10,19261.965145601,10508.222069796,376922.77217925,0.16523832082748,1.5730357170105,-4.4754277041648e-05,10508.194335938,189.34320068359,106.52427824199,681.63552246094,383.48740167118,7.0467009544373,7.3346147537231,1.018926858902,0.30649107694626,9.1950023488607e-06,0.6366017437775,0.98322725296021,1.000000475264,0,100.00004577637,0,1.000000475264,0,0,0,0,1.000000475264,0,
32.4,2025-08-27T00:00:32.400000000Z01:00,JF-17 2x SD-10,19261.880338445,10509.642674266,376960.64190753,0.16530819237232,1.5730357170105,-4.6137101890054e-05,10509.599609375,189.60807800293,106.66385845577,682.58908081055,383.98989044076,7.1539063453674,7.3091807365417,1.0185656547546,0.30615884065628,1.0296575965185e-05,0.63750517511394,0.98310822248459,1.0000004370455,0,100.00004577637,0,1.0000004370455,0,0,0,0,1.0000004370455,0,
32.6,2025-08-27T00:00:32.600000000Z01:00,JF-17 2x SD-10,19261.79542841,10511.084861499,376998.56433778,0.16537764668465,1.5730347633362,-4.7361325414386e-05,10511.0703125,189.88031005859,106.80710087063,683.56911621094,384.50556313428,7.2634391784668,7.2831864356995,1.0180833339691,0.30578622221947,9.0237235781387e-06,0.63843391906073,0.98298531770706,1.0000004008668,0,100.00003814697,0,1.0000004008668,0,0,0,0,1.0000004008668,0,
32.8,2025-08-27T00:00:32.800000000Z01:00,JF-17 2x SD-10,19261.710416797,10512.548409134,377036.5392687,0.16544269025326,1.5730319023132,-4.7973691835068e-05,10512.518554688,190.14387512207,106.94559046973,684.51795043945,385.00412569104,7.3687481880188,7.258198261261,1.0176222324371,0.30542778968811,3.0568464808312e-06,0.639333379149,0.98286604881287,1.0000003686062,0,100.00003814697,0,1.0000003686062,0,0,0,0,1.0000003686062,0,
33,2025-08-27T00:00:33.000000000Z01:00,JF-17 2x SD-10,19261.625305884,10514.033127205,377074.56658674,0.16550579667091,1.5730290412903,-4.8616271669744e-05,10513.98828125,190.40675354004,107.08354756735,685.46431274414,385.50077124245,7.4730877876282,7.2334604263306,1.0171718597412,0.30507400631905,-3.4406070881232e-07,0.64023080036836,0.98274666070938,1.0000003389307,0,100.00003814697,0,1.0000003389307,0,0,0,0,1.0000003389307,0,
33.2,2025-08-27T00:00:33.200000000Z01:00,JF-17 2x SD-10,19261.540097708,10515.538852565,377112.6461986,0.16556870937347,1.5730261802673,-4.9561018386157e-05,10515.5234375,190.67698669434,107.22513937354,686.43715209961,386.01050174473,7.5797843933105,7.208167552948,1.0168191194534,0.30474457144737,-6.0587753978325e-06,0.64115346705,0.98262369632721,1.000000310842,0,100.00003814697,0,1.000000310842,0,0,0,0,1.000000310842,0,
33.4,2025-08-27T00:00:33.400000000Z01:00,JF-17 2x SD-10,19261.454795028,10517.065392644,377150.77791141,0.16562785208225,1.573025226593,-5.0611506594578e-05,10517.034179688,190.93859863281,107.36202911581,687.37895507813,386.50330481693,7.6824116706848,7.1838598251343,1.0163791179657,0.30439761281013,-3.9226410990523e-06,0.64204714616203,0.98250418901443,1.0000002857978,0,100.00002288818,0,1.0000002857978,0,0,0,0,1.0000002857978,0,
33.6,2025-08-27T00:00:33.600000000Z01:00,JF-17 2x SD-10,19261.36939824,10518.612565781,377188.96161729,0.16568498313427,1.573025226593,-5.2372080972418e-05,10518.565429688,191.19960021973,107.49840945215,688.31856079102,386.99427402773,7.7841105461121,7.1597819328308,1.0159474611282,0.30405396223068,-1.5545116411886e-06,0.64293886686657,0.98238462209702,1.0000002627628,0,100.00002288818,0,1.0000002627628,0,0,0,0,1.0000002627628,0,
33.8,2025-08-27T00:00:33.800000000Z01:00,JF-17 2x SD-10,19261.283907695,10520.180201309,377227.19722561,0.165741533041,1.573025226593,-5.3679432312492e-05,10520.1640625,191.46784973145,107.63838964038,689.2842590332,387.49820270535,7.8880000114441,7.1351790428162,1.015615940094,0.30373468995094,-2.3407878870785e-06,0.64385565429751,0.98226141929626,1.0000002409617,0,100.00002288818,0,1.0000002409617,0,0,0,0,1.0000002409617,0,
34,2025-08-27T00:00:34.000000000Z01:00,JF-17 2x SD-10,19261.198323881,10521.768119876,377265.48455007,0.16579408943653,1.573025226593,-5.3596810175804e-05,10521.736328125,191.72761535645,107.77373729351,690.2194152832,387.98545425664,7.9880585670471,7.1114640235901,1.0151875019073,0.30339658260345,-8.6789287934153e-07,0.64474372779452,0.98214173316956,1.0000002215257,0,100.00002288818,0,1.0000002215257,0,0,0,0,1.0000002215257,0,
34.2,2025-08-27T00:00:34.200000000Z01:00,JF-17 2x SD-10,19261.112646536,10523.376154942,377303.82348938,0.16584469377995,1.573025226593,-5.2267718274379e-05,10523.327148438,191.98677062988,107.90858764682,691.15237426758,388.47091552855,8.0872106552124,7.0879707336426,1.0147676467896,0.30306166410446,-2.9503334531e-07,0.6456299248755,0.9820219874382,1.0000002036507,0,100.00002288818,0,1.0000002036507,0,0,0,0,1.0000002036507,0,
34.4,2025-08-27T00:00:34.400000000Z01:00,JF-17 2x SD-10,19261.026874994,10525.004138233,377342.21395756,0.16589498519897,1.573025226593,-5.0016980821965e-05,10524.987304688,192.25315856934,108.0469985689,692.11137084961,388.96919484805,8.1884384155273,7.064003944397,1.0143444538116,0.30272036790848,7.1320791050766e-08,0.64654111806379,0.98189854621887,1.000000186735,0,100.00002288818,0,1.000000186735,0,0,0,0,1.000000186735,0,
34.6,2025-08-27T00:00:34.600000000Z01:00,JF-17 2x SD-10,19260.941008428,10526.651878564,377380.65577191,0.16594181954861,1.5730257034302,-4.7615088988096e-05,10526.619140625,192.51110839844,108.18085783786,693.03999023438,389.45108821629,8.2859592437744,7.0409107208252,1.0140442848206,0.30242398381233,2.2343760974763e-06,0.64742380026438,0.98177868127823,1.0000001716559,0,100.00001525879,0,1.0000001716559,0,0,0,0,1.0000001716559,0,
34.8,2025-08-27T00:00:34.800000000Z01:00,JF-17 2x SD-10,19260.85504562,10528.31923681,377419.14883828,0.16598665714264,1.5730261802673,-4.5961027353769e-05,10528.268554688,192.76850891113,108.31421264162,693.96663208008,389.93116550983,8.3826656341553,7.0180044174194,1.013639330864,0.30209794640541,2.5292811187683e-06,0.64830464327697,0.9816586971283,1.0000001577893,0,100.00001525879,0,1.0000001577893,0,0,0,0,1.0000001577893,0,
35,2025-08-27T00:00:35.000000000Z01:00,JF-17 2x SD-10,19260.768985821,10530.006051929,377457.69307548,0.16603077948093,1.5730242729187,-4.478287519305e-05,10529.989257812,193.03309631348,108.45110721156,694.91914672852,390.42398596163,8.4814043045044,6.9946150779724,1.0132372379303,0.30177149176598,-4.3791018811135e-07,0.64921052117594,0.98153507709503,1.0000001446682,0,100.00001525879,0,1.0000001446682,0,0,0,0,1.0000001446682,0,
35.2,2025-08-27T00:00:35.200000000Z01:00,JF-17 2x SD-10,19260.6828301,10531.712132361,377496.28830754,0.16607172787189,1.5730214118958,-4.3521573388716e-05,10531.677734375,193.2893371582,108.58352362887,695.84161376953,390.90068506393,8.576470375061,6.9720950126648,1.0129926204681,0.30151328444481,-4.8828474064067e-06,0.65008811321427,0.9814150929451,1.000000132973,0,100.00001525879,0,1.000000132973,0,0,0,0,1.000000132973,0,
35.4,2025-08-27T00:00:35.400000000Z01:00,JF-17 2x SD-10,19260.596579988,10533.437358381,377534.93445292,0.16611097753048,1.5730214118958,-4.2056275560753e-05,10533.385742188,193.54510498047,108.71548434429,696.76237792969,391.37574363943,8.6709585189819,6.94970703125,1.012636423111,0.30122348666191,-2.7616947591014e-06,0.65096423421682,0.98129492998123,1.0000001222192,0,100.00001525879,0,1.0000001222192,0,0,0,0,1.0000001222192,0,
35.6,2025-08-27T00:00:35.600000000Z01:00,JF-17 2x SD-10,19260.510234852,10535.181603754,377573.6314454,0.16614958643913,1.5730218887329,-3.9933700463735e-05,10535.1640625,193.80809020996,108.85099029681,697.70912475586,391.86356506853,8.7675161361694,6.9268317222595,1.0122753381729,0.30092650651932,-4.2098467929463e-06,0.65186531988781,0.98117113113403,1.0000001120446,0,100.00001525879,0,1.0000001120446,0,0,0,0,1.0000001120446,0,
35.8,2025-08-27T00:00:35.800000000Z01:00,JF-17 2x SD-10,19260.423794012,10536.944692126,377612.37911899,0.16618530452251,1.5730233192444,-3.691963138408e-05,10536.909179688,194.06282043457,108.98206034273,698.62615356445,392.33541723382,8.8604736328125,6.9048104286194,1.0119298696518,0.300641477108,2.1093499071867e-06,0.65273836075681,0.98105090856552,1.0000001029766,0,100.00001525879,0,1.0000001029766,0,0,0,0,1.0000001029766,0,
36,2025-08-27T00:00:36.000000000Z01:00,JF-17 2x SD-10,19260.337254621,10538.726488115,377651.17739381,0.16621915996075,1.5730237960815,-3.3369127777405e-05,10538.672851562,194.31704711914,109.11268811608,699.54136962891,392.80567721789,8.9528150558472,6.8829183578491,1.0116925239563,0.30038860440254,2.2472097498394e-06,0.65361008542794,0.98093056678772,1.0000000946394,0,100.00001525879,0,1.0000000946394,0,0,0,0,1.0000000946394,0,
36.2,2025-08-27T00:00:36.200000000Z01:00,JF-17 2x SD-10,19260.250615359,10540.526885969,377690.02620935,0.16625183820724,1.5730242729187,-2.8632486646529e-05,10540.508789062,194.57849121094,109.24684967527,700.48256835938,393.28865883097,9.0472660064697,6.8605012893677,1.0113340616226,0.3000962138176,1.3201531601226e-06,0.65450660215319,0.98080652952194,1.000000086752,0,100.00001525879,0,1.000000086752,0,0,0,0,1.000000086752,0,
36.4,2025-08-27T00:00:36.400000000Z01:00,JF-17 2x SD-10,19260.163874579,10542.345714521,377728.92540409,0.1662821918726,1.5730242729187,-2.429618507449e-05,10542.309570312,194.83174133301,109.37662213325,701.39426879883,393.75583967969,9.1381855010986,6.838939666748,1.0109940767288,0.29981404542923,2.3975494514161e-06,0.65537540709142,0.98068624734879,1.0000000797231,0,100.00001525879,0,1.0000000797231,0,0,0,0,1.0000000797231,0,
36.6,2025-08-27T00:00:36.600000000Z01:00,JF-17 2x SD-10,19260.077030435,10544.182832612,377767.87490046,0.16631117463112,1.5730247497559,-2.0647326891776e-05,10544.127929688,195.08450317383,109.50591306941,702.30421142578,394.22128704989,9.2283868789673,6.8175644874573,1.0107700824738,0.29956623911858,1.3979239383843e-06,0.65624260999258,0.9805656671524,1.0000000732614,0,100.00001525879,0,1.0000000732614,0,0,0,0,1.0000000732614,0,
36.8,2025-08-27T00:00:36.800000000Z01:00,JF-17 2x SD-10,19259.990081661,10546.038130934,377806.87463972,0.16633926331997,1.573025226593,-1.6930433048401e-05,10546.01953125,195.34443664551,109.63875033219,703.23997192383,394.69950119588,9.320782661438,6.795654296875,1.010423541069,0.2992784678936,2.0541644971672e-06,0.6571348400068,0.98044157028198,1.0000000671489,0,100.00001525879,0,1.0000000671489,0,0,0,0,1.0000000671489,0,
37,2025-08-27T00:00:37.000000000Z01:00,JF-17 2x SD-10,19259.903027063,10547.911459447,377845.92446565,0.16636475920677,1.573025226593,-1.3508141819329e-05,10547.874023438,195.59625244141,109.76723217461,704.14650878906,395.16203582861,9.4097280502319,6.7745547294617,1.0100914239883,0.29900059103966,1.6285847550535e-06,0.65799941297786,0.9803209900856,1.0000000617023,0,100.00001525879,0,1.0000000617023,0,0,0,0,1.0000000617023,0,
37.2,2025-08-27T00:00:37.200000000Z01:00,JF-17 2x SD-10,19259.815865431,10549.802679937,377885.02430354,0.16638866066933,1.5730257034302,-1.0055597158498e-05,10549.74609375,195.84757995605,109.8953075955,705.0512878418,395.62310734379,9.4979600906372,6.7536234855652,1.0097649097443,0.29872435331345,2.3843260805734e-06,0.65886255877227,0.98020035028458,1.0000000566956,0,100,0,1.0000000566956,0,0,0,0,1.0000000566956,0,
37.4,2025-08-27T00:00:37.400000000Z01:00,JF-17 2x SD-10,19259.72859538,10551.711667166,377924.17409511,0.1664115935564,1.5730261802673,-7.0563219196629e-06,10551.692382812,196.10604858398,110.02680624307,705.98177490234,396.09650247505,9.5882415771484,6.7321949005127,1.0095376968384,0.29847267270088,1.1409000535423e-06,0.65975051616236,0.98007601499557,1.00000005196,0,100,0,1.00000005196,0,0,0,0,1.00000005196,0,
37.6,2025-08-27T00:00:37.600000000Z01:00,JF-17 2x SD-10,19259.641216146,10553.638288655,377963.37368953,0.16643214225769,1.5730261802673,-4.1627909013187e-06,10553.599609375,196.35646057129,110.15401657615,706.88325805664,396.55445967414,9.675256729126,6.7115278244019,1.0092117786407,0.29819875955582,2.4577284420957e-06,0.6606109302116,0.97995525598526,1.0000000477408,0,100,0,1.0000000477408,0,0,0,0,1.0000000477408,0,
37.8,2025-08-27T00:00:37.800000000Z01:00,JF-17 2x SD-10,19259.553726703,10555.582413415,378002.62301536,0.16645121574402,1.5730261802673,-1.5941047877277e-06,10555.5234375,196.60639953613,110.28085006037,707.78303833008,397.01106021734,9.7615699768066,6.6910290718079,1.0088921785355,0.29792562127113,4.2038036554004e-06,0.66147002971764,0.97983437776566,1.0000000438627,0,100,0,1.0000000438627,0,0,0,0,1.0000000438627,0,
38,2025-08-27T00:00:38.000000000Z01:00,JF-17 2x SD-10,19259.466126167,10557.543912661,378041.9220167,0.16646935045719,1.5730266571045,5.364065032154e-07,10557.524414062,196.86343383789,110.41107520048,708.70836181641,397.47987072172,9.8497791290283,6.6700820922852,1.0085687637329,0.29764649271965,1.7541583474667e-06,0.66235371546298,0.97970998287201,1.000000040195,0,100,0,1.000000040195,0,0,0,0,1.000000040195,0,
38.2,2025-08-27T00:00:38.200000000Z01:00,JF-17 2x SD-10,19259.378414209,10559.522646803,378081.27054405,0.16648526489735,1.5730266571045,9.7460042525199e-07,10559.482421875,197.11248779297,110.53707765384,709.60495605469,397.93347955382,9.934907913208,6.6498441696167,1.0083589553833,0.29740682244301,4.5900524128228e-06,0.66321016362643,0.97958898544312,1.0000000369275,0,100,0,1.0000000369275,0,0,0,0,1.0000000369275,0,
38.4,2025-08-27T00:00:38.400000000Z01:00,JF-17 2x SD-10,19259.290590448,10561.518505776,378120.66853073,0.16649962961674,1.5730261802673,-1.2541399883048e-06,10561.458007812,197.36108398438,110.66266235534,710.49990234375,398.38558447924,10.019353866577,6.629762172699,1.0080454349518,0.29713827371597,3.5262419260107e-06,0.66406527303931,0.97946804761887,1.0000000339245,0,100,0,1.0000000339245,0,0,0,0,1.0000000339245,0,
38.6,2025-08-27T00:00:38.600000000Z01:00,JF-17 2x SD-10,19259.202655928,10563.531362971,378160.11592347,0.16651295125484,1.5730261802673,-4.9334653340338e-06,10563.510742188,197.61672973633,110.79165469903,711.42022705078,398.8499569165,10.105650901794,6.6092414855957,1.0077282190323,0.29686325788498,1.854428887782e-06,0.66494502117288,0.97934341430664,1.0000000310847,0,100,0,1.0000000310847,0,0,0,0,1.0000000310847,0,
38.8,2025-08-27T00:00:38.800000000Z01:00,JF-17 2x SD-10,19259.114612482,10565.561065333,378199.61257421,0.16652442514896,1.5730257034302,-7.59286695029e-06,10565.520507812,197.86444091797,110.9164330894,712.31198730469,399.29915912183,10.188824653625,6.5894532203674,1.0075305700302,0.29662770032883,1.7742614488725e-07,0.66579757118468,0.97922229766846,1.000000028555,0,100,0,1.000000028555,0,0,0,0,1.000000028555,0,
39,2025-08-27T00:00:39.000000000Z01:00,JF-17 2x SD-10,19259.026461601,10567.607516785,378239.15842015,0.16653424501419,1.5730257034302,-8.0688514572103e-06,10567.545898438,198.11172485352,111.04082260374,713.20220947266,399.74696137346,10.271451950073,6.569776058197,1.0072231292725,0.29636162519455,4.8949664233078e-07,0.66664889307923,0.97910124063492,1.0000000262303,0,100,0,1.0000000262303,0,0,0,0,1.0000000262303,0,
39.2,2025-08-27T00:00:39.200000000Z01:00,JF-17 2x SD-10,19258.938203533,10569.670599921,378278.75341125,0.16654294729233,1.5730257034302,-7.094253305695e-06,10569.649414062,198.36604309082,111.16858761392,714.11775512695,400.20691541011,10.355887413025,6.5496654510498,1.0069128274918,0.29608938097954,3.0982273528934e-06,0.66752469469441,0.97897636890411,1.0000000240322,0,100,0,1.0000000240322,0,0,0,0,1.0000000240322,0,
39.4,2025-08-27T00:00:39.400000000Z01:00,JF-17 2x SD-10,19258.849837881,10571.750160314,378318.39740167,0.16654999554157,1.5730257034302,-6.6485090428614e-06,10571.708007812,198.6124420166,111.29218401727,715.00479125977,400.65186246216,10.437174797058,6.5303053855896,1.0066170692444,0.29582622647285,2.4473085886711e-06,0.66837354977516,0.97885519266129,1.0000000220743,0,100,0,1.0000000220743,0,0,0,0,1.0000000220743,0,
39.6,2025-08-27T00:00:39.600000000Z01:00,JF-17 2x SD-10,19258.76136459,10573.84609065,378358.09032933,0.16655558347702,1.5730257034302,-6.9582756623277e-06,10573.783203125,198.85842895508,111.4154033792,715.89034423828,401.09545216511,10.518004417419,6.5110330581665,1.0064274072647,0.29559507966042,4.5861775106459e-06,0.66922111808112,0.97873395681381,1.0000000202752,0,100,0,1.0000000202752,0,0,0,0,1.0000000202752,0,
39.8,2025-08-27T00:00:39.800000000Z01:00,JF-17 2x SD-10,19258.672783645,10575.958295756,378397.83214876,0.16655978560448,1.5730261802673,-7.0867181420908e-06,10575.9375,199.11145019531,111.54195693159,716.80122070313,401.55104495373,10.600626945496,6.4913215637207,1.0061230659485,0.29532545804977,1.2165297675892e-06,0.6700930919095,0.97860896587372,1.0000000185743,0,100,0,1.0000000185743,0,0,0,0,1.0000000185743,0,
40,2025-08-27T00:00:40.000000000Z01:00,JF-17 2x SD-10,19258.584095947,10578.086624212,378437.62271681,0.16656257212162,1.5730261802673,-6.3236520873033e-06,10578.043945312,199.35659790039,111.66440768467,717.68375244141,401.99186766482,10.680168151855,6.4723434448242,1.0058335065842,0.29506501555443,3.2619334433548e-06,0.67093828434251,0.97848761081696,1.0000000170594,0,100,0,1.0000000170594,0,0,0,0,1.0000000170594,0,
40.2,2025-08-27T00:00:40.200000000Z01:00,JF-17 2x SD-10,19258.495300978,10580.230956853,378477.46197204,0.16656401753426,1.5730261802673,-6.9507304942817e-06,10580.166015625,199.60131835938,111.78648695666,718.56474609375,402.43135304398,10.759155273438,6.4534902572632,1.0056546926498,0.29483699798584,3.9292499423027e-06,0.67178222756426,0.97836619615555,1.0000000156675,0,100,0,1.0000000156675,0,0,0,0,1.0000000156675,0,
